Sector,Year,Month,Cereals and products,Meat and fish,Egg,Milk and products,Oils and fats,Fruits,Vegetables,Pulses and products,Sugar and Confectionery,Spices,Non-alcoholic beverages,"Prepared meals, snacks, sweets etc.",Food and beverages,"Pan, tobacco and intoxicants",Clothing,Footwear,Clothing and footwear,Housing,Fuel and light,Household goods and services,Health,Transport and communication,Recreation and amusement,Education,Personal care and effects,Miscellaneous,General index,Date,Monthly Growth Rate (%),Annual Growth Rate (%),Z-score,Outlier,Volatility
Rural,2013,January,107.5,106.3,108.1,104.9,106.1,103.9,101.9,106.1,106.8,103.1,104.8,106.7,105.5,105.1,106.5,105.8,106.4,,105.5,104.8,104.0,103.3,103.4,103.8,104.7,104.0,105.1,2013-01-01,,,-1.7199438209284608,No,
Rural,2013,February,109.2,108.7,110.2,105.4,106.7,104.0,102.4,105.9,105.7,103.1,105.1,107.7,106.3,105.6,107.1,106.3,107.0,,106.2,105.2,104.4,103.9,104.0,104.1,104.6,104.4,105.8,2013-02-01,0.6660323501427312,,-1.6883052251495043,No,
Rural,2013,March,110.2,108.8,109.9,105.6,106.2,105.7,101.4,105.7,105.0,103.3,105.6,108.2,106.6,106.5,107.6,106.8,107.5,,106.1,105.6,104.7,104.6,104.0,104.3,104.3,104.6,106.0,2013-03-01,0.1890359168241984,,-1.6792656263555166,No,0.47258156262526896
Rural,2013,April,110.2,109.5,106.9,106.3,105.7,108.3,103.4,105.7,104.2,103.2,106.5,108.8,107.1,107.1,108.1,107.4,108.0,,106.5,106.1,105.1,104.4,104.5,104.8,102.7,104.6,106.4,2013-04-01,0.3773584905660376,,-1.6611864287675413,No,0.3055050463304121
Rural,2013,May,110.9,109.8,105.9,107.5,105.3,108.1,107.3,106.1,103.7,104.0,107.4,109.9,108.1,108.1,108.8,107.9,108.6,,107.5,106.8,105.7,104.1,105.0,105.5,102.1,104.8,107.2,2013-05-01,0.7518796992481258,,-1.6250280335915914,No,0.611010092660797
Rural,2013,June,112.3,112.1,108.1,108.3,105.9,109.2,118.0,106.8,104.1,105.4,108.2,111.0,110.6,109.0,109.7,108.8,109.5,,108.5,107.5,106.3,105.0,105.6,106.5,102.5,105.5,108.9,2013-06-01,1.585820895522394,,-1.5481914438426974,No,1.2767145334803844
Rural,2013,July,113.4,114.9,110.5,109.3,106.2,110.3,129.2,107.1,104.3,106.4,109.1,112.1,113.1,109.8,110.5,109.5,110.3,,109.5,108.3,106.9,106.8,106.4,107.8,102.5,106.5,110.7,2013-07-01,1.6528925619834656,,-1.4668350546968096,No,1.7502380790433576
Rural,2013,August,114.3,115.4,111.1,110.0,106.4,110.8,138.9,107.4,104.1,106.9,109.7,112.6,114.9,110.7,111.3,110.2,111.1,,109.9,108.7,107.5,107.8,106.8,108.7,105.0,107.5,112.1,2013-08-01,1.2646793134597931,,-1.4035578631388974,No,1.6041612554021314
Rural,2013,September,115.4,115.7,111.7,111.0,107.4,110.9,154.0,108.1,104.2,107.9,110.4,114.0,117.8,111.7,112.7,111.4,112.5,,111.1,109.6,108.3,109.3,107.7,109.8,106.7,108.7,114.2,2013-09-01,1.873327386262269,,-1.308642075802028,No,1.7616280348965057
Rural,2013,October,116.3,115.4,112.6,111.7,107.7,113.2,164.9,108.3,103.9,108.2,111.1,114.9,119.8,112.2,113.6,112.3,113.4,,111.6,110.4,108.9,109.3,108.3,110.2,107.5,109.1,115.5,2013-10-01,1.138353765323985,,-1.2498846836411093,No,1.7156145643276945
Rural,2013,December,118.4,115.9,120.4,113.8,109.5,115.5,145.7,109.5,102.9,109.8,112.1,116.8,118.7,113.6,115.8,114.0,115.5,,112.8,112.1,110.1,109.9,109.2,111.6,108.1,110.1,115.5,2013-12-01,0.0,,-1.2498846836411093,No,0.7505553499464738
Rural,2014,January,118.9,117.1,120.5,114.4,109.0,115.5,123.9,109.6,101.8,110.2,112.4,117.3,116.0,114.0,116.5,114.5,116.2,,113.0,112.6,110.6,110.5,109.6,111.8,108.3,110.6,114.2,2014-01-01,-1.1255411255411183,,-1.308642075802028,No,0.7505553499464738
Rural,2014,February,119.4,117.7,121.2,115.0,109.0,116.6,116.0,109.8,101.1,110.4,112.9,117.8,115.3,114.2,117.1,114.5,116.7,,113.2,112.9,110.9,110.8,109.9,112.0,108.7,110.9,114.0,2014-02-01,-0.1751313485113814,,-1.3176816745960156,No,0.8144527815246829
Rural,2014,March,120.1,118.1,120.7,116.1,109.3,119.6,117.9,110.2,101.2,110.7,113.0,118.3,116.2,114.6,117.5,114.9,117.2,,113.4,113.4,111.4,111.2,110.2,112.4,108.9,111.3,114.6,2014-03-01,0.5263157894736858,,-1.2905628782140532,No,0.305505046330337
Rural,2014,April,120.2,118.9,118.1,117.0,109.7,125.5,120.5,111.0,102.6,111.2,113.5,118.7,117.2,115.4,118.1,116.1,117.8,,113.4,113.7,111.8,111.2,110.5,113.0,108.9,111.5,115.4,2014-04-01,0.6980802792321272,,-1.2544044830381027,No,0.7023769168568248
Rural,2014,May,120.3,120.2,116.9,118.0,110.1,126.3,123.9,111.5,103.5,111.6,114.2,119.2,118.2,116.3,118.7,116.8,118.5,,113.4,114.1,112.1,111.4,110.9,113.1,108.9,111.8,116.0,2014-05-01,0.5199306759098743,,-1.2272856866561404,No,0.7023769168568248
Rural,2014,June,120.7,121.6,116.1,119.3,110.3,125.8,129.3,112.2,103.6,112.3,114.9,120.1,119.5,117.3,119.7,117.3,119.3,,114.4,114.9,112.8,112.2,111.4,114.3,108.0,112.3,117.0,2014-06-01,0.8620689655172376,,-1.1820876926862027,No,0.8082903768654619
Rural,2014,July,121.7,122.5,117.7,120.6,110.4,129.1,150.1,113.2,104.8,113.3,115.6,120.9,123.3,118.0,120.7,118.3,120.3,,115.3,115.4,113.4,113.2,111.8,115.5,108.8,113.1,119.5,2014-07-01,2.136752136752129,,-1.0690927077613588,No,1.8027756377320021
Rural,2014,August,121.8,122.8,117.8,121.9,110.6,129.7,161.1,114.1,105.1,114.6,115.8,121.7,125.3,118.8,120.9,118.8,120.7,,115.4,115.9,114.0,113.2,112.2,116.2,109.4,113.5,120.7,2014-08-01,1.0041841004184038,,-1.0148551149974334,No,1.8876793513023997
Rural,2014,September,122.3,122.4,117.8,122.7,110.4,129.8,158.8,115.0,104.7,114.9,116.5,122.6,125.3,119.5,121.7,119.2,121.3,,115.8,116.7,114.5,112.8,112.6,116.6,109.1,113.7,120.9,2014-09-01,0.1657000828500399,,-1.005815516203446,No,0.7571877794401686
Rural,2014,October,122.6,122.5,118.3,123.2,110.5,128.9,155.3,115.5,104.0,115.3,116.8,123.2,125.1,120.0,122.7,120.3,122.3,,116.4,117.5,115.3,112.6,113.0,116.9,109.3,114.0,121.0,2014-10-01,0.082712985938782,,-1.0012957168064522,No,0.15275252316595186
Rural,2014,November,122.7,122.6,119.9,124.0,110.5,128.8,152.0,116.2,103.3,115.8,116.8,124.5,124.9,120.8,123.3,120.5,122.9,,117.3,118.1,115.9,112.0,113.3,117.2,108.8,114.1,121.1,2014-11-01,0.082644628099171,,-0.9967759174094588,No,0.10000000000120625
Rural,2014,December,122.4,122.4,121.8,124.2,110.2,128.6,140.3,116.3,102.0,116.0,117.3,124.8,123.3,121.7,123.8,120.6,123.3,,117.4,118.2,116.2,111.5,113.3,117.7,109.4,114.2,120.3,2014-12-01,-0.6606110652353392,,-1.032934312585409,No,0.4358898943543255
Rural,2015,January,123.1,123.1,122.1,124.9,111.0,130.4,132.3,117.2,100.5,117.2,117.9,125.6,122.8,122.7,124.4,121.6,124.0,,118.4,118.9,116.6,111.0,114.0,118.2,110.2,114.5,120.3,2015-01-01,0.0,,-1.032934312585409,No,0.4618802153519232
Rural,2015,February,123.4,124.4,122.1,125.8,111.5,129.4,128.2,118.8,100.0,118.6,118.8,126.8,122.8,124.2,125.4,122.7,125.0,,120.0,119.6,117.7,110.9,114.8,118.7,110.8,115.0,120.6,2015-02-01,0.2493765586034868,,-1.0193749143944277,No,0.173205080757445
Rural,2015,March,123.3,124.7,118.9,126.0,111.8,130.9,128.0,119.9,98.9,119.4,118.9,127.7,123.1,124.7,126.0,122.9,125.5,,120.6,120.2,118.2,111.6,115.5,119.4,110.8,115.5,121.1,2015-03-01,0.4145936981757803,,-0.9967759174094588,No,0.4041451884330091
Rural,2015,April,123.3,125.5,117.2,126.8,111.9,134.2,127.5,121.5,97.8,119.8,119.4,128.7,123.6,125.7,126.4,123.3,126.0,,121.2,120.9,118.6,111.9,116.2,119.9,111.6,116.0,121.5,2015-04-01,0.3303055326176807,,-0.9786967198214835,No,0.45092497528258696
Rural,2015,May,123.5,127.1,117.3,127.7,112.5,134.1,128.5,124.3,97.6,120.7,120.2,129.8,124.4,126.7,127.3,124.1,126.8,,121.9,121.5,119.4,113.3,116.7,120.5,112.3,116.9,122.4,2015-05-01,0.7407407407407529,,-0.9380185252485395,No,0.6658328118482092
Rural,2015,June,124.1,130.4,122.1,128.7,114.1,133.2,135.2,131.9,96.3,123.0,121.1,131.2,126.6,128.2,128.4,125.1,128.0,,122.6,122.8,120.4,114.2,117.9,122.0,113.0,117.9,124.1,2015-06-01,1.388888888888884,,-0.861181935499646,No,1.3203534880227434
Rural,2015,July,124.0,131.5,122.0,128.7,113.5,133.3,140.8,133.8,94.1,123.4,121.0,131.7,127.5,129.4,128.8,125.5,128.3,,123.0,123.0,120.8,114.1,118.0,122.9,112.7,118.1,124.7,2015-07-01,0.483481063658342,,-0.834063139117683,No,1.1930353445451671
Rural,2015,August,124.7,131.3,121.3,128.8,114.0,134.2,153.6,137.9,93.1,123.9,121.5,132.5,129.8,130.1,129.5,126.3,129.0,,123.8,123.7,121.1,113.6,118.5,123.6,112.5,118.2,126.1,2015-08-01,1.122694466720131,,-0.7707859475597707,No,1.0263202878898028
Rural,2015,September,125.1,131.1,120.7,129.2,114.7,132.3,158.9,142.1,92.5,125.4,121.9,132.7,131.0,131.0,130.4,126.8,129.9,,123.7,124.5,121.4,113.8,119.6,124.5,113.7,118.8,127.0,2015-09-01,0.7137192704202988,,-0.7301077529868266,No,1.1590225767146887
Rural,2015,October,125.6,130.4,120.8,129.4,115.8,133.2,157.7,154.2,93.7,126.6,122.3,133.1,131.8,131.5,131.1,127.3,130.6,,124.4,125.1,122.0,113.8,120.1,125.1,114.2,119.2,127.7,2015-10-01,0.5511811023622082,,-0.6984691572078702,No,0.8020806277018022
Rural,2015,November,126.1,130.6,121.7,129.5,117.8,132.1,155.2,160.8,94.5,128.3,123.1,134.2,132.4,132.2,132.1,128.2,131.5,,125.6,125.6,122.6,114.0,120.9,125.8,114.2,119.6,128.3,2015-11-01,0.469851213782313,,-0.6713503608259073,No,0.6506407098657709
Rural,2015,December,126.3,131.3,123.3,129.8,118.3,131.6,145.5,162.1,95.4,128.9,123.3,135.1,131.4,133.1,132.5,128.5,131.9,,125.7,126.0,123.1,114.0,121.6,125.6,114.1,119.8,127.9,2015-12-01,-0.3117692907248726,,-0.6894295584138825,No,0.3055050463325979
Rural,2016,January,126.8,133.2,126.5,130.3,118.9,131.6,140.1,163.8,97.7,129.6,124.3,135.9,131.4,133.6,133.2,128.9,132.6,,126.2,126.6,123.7,113.6,121.4,126.2,114.9,120.1,128.1,2016-01-01,0.1563721657544814,,-0.6803899596198956,No,0.20000000000343374
Rural,2016,February,127.1,133.7,127.7,130.7,118.5,130.4,130.9,162.8,98.7,130.6,124.8,136.4,130.3,134.4,133.9,129.8,133.4,,127.5,127.1,124.3,113.9,122.3,127.1,116.8,120.9,127.9,2016-02-01,-0.156128024980473,,-0.6894295584138825,No,0.1154700538437452
Rural,2016,March,127.3,134.4,125.1,130.5,118.3,131.7,130.7,161.2,100.4,130.8,124.9,137.0,130.4,135.0,134.4,130.2,133.8,,127.0,127.7,124.8,113.6,122.5,127.5,117.4,121.1,128.0,2016-03-01,0.0781860828772407,,-0.684909759016889,No,0.10000000000675902
Rural,2016,April,127.4,135.4,123.4,131.3,118.2,138.1,134.1,162.7,105.0,131.4,125.4,137.4,131.8,135.5,135.0,130.6,134.4,,127.0,128.0,125.2,114.4,123.2,127.9,118.4,121.7,129.0,2016-04-01,0.78125,,-0.6397117650469514,No,0.6082762530309851
Rural,2016,May,127.6,137.5,124.4,132.4,118.2,138.1,141.8,166.0,107.5,132.2,126.1,138.3,133.6,136.0,135.4,131.1,134.8,,127.4,128.5,125.8,115.1,123.6,129.1,119.7,122.5,130.3,2016-05-01,1.0077519379845024,,-0.580954372886032,No,1.153256259467775
Rural,2016,June,128.6,138.6,126.6,133.6,118.6,137.4,152.5,169.2,108.8,133.1,126.4,139.2,136.0,137.2,136.3,131.6,135.6,,128.0,129.3,126.2,116.3,124.1,130.2,119.9,123.3,131.9,2016-06-01,1.2279355333844943,,-0.508637582534132,No,1.452583904634024
Rural,2016,July,129.3,139.5,129.6,134.5,119.5,138.5,158.2,171.8,110.3,134.3,127.3,139.9,137.6,138.0,137.2,132.2,136.5,,128.2,130.0,126.7,116.4,125.2,130.8,120.9,123.8,133.0,2016-07-01,0.833965125094771,,-0.45891978916720094,No,1.3576941236285154
Rural,2016,August,130.1,138.8,130.3,135.3,119.9,140.2,156.9,172.2,112.1,134.9,128.1,140.7,138.0,138.9,137.8,133.0,137.1,,129.1,130.6,127.0,116.0,125.5,131.9,122.0,124.2,133.5,2016-08-01,0.3759398496240518,,-0.43632079218223213,No,0.8185352771886725
Rural,2016,September,130.8,138.2,130.5,135.5,120.2,139.2,149.5,170.4,113.1,135.8,128.8,141.5,137.2,139.9,138.5,133.5,137.8,,129.7,131.1,127.8,117.0,125.7,132.2,122.8,124.9,133.4,2016-09-01,-0.0749063670411942,,-0.4408405915792256,No,0.2645751311111011
Rural,2016,October,131.3,137.6,130.1,136.0,120.8,138.4,149.2,170.2,113.4,136.3,128.7,142.4,137.4,140.9,139.6,134.3,138.8,,129.8,131.8,128.7,117.8,126.5,133.0,123.0,125.7,133.8,2016-10-01,0.2998500749625155,,-0.42276139399125034,No,0.2081665999526786
Rural,2016,November,132.0,137.4,130.6,136.2,121.1,136.9,141.8,170.0,113.4,136.8,128.7,143.1,136.6,141.2,139.9,134.5,139.2,,130.3,132.1,129.1,118.2,126.9,133.7,123.5,126.1,133.6,2016-11-01,-0.1494768310911887,,-0.43180099278523865,No,0.20000000000633644
Rural,2016,December,132.6,137.3,131.6,136.3,121.6,135.6,127.5,167.9,113.8,137.5,129.1,143.6,134.7,142.4,140.4,135.2,139.7,,132.0,132.9,129.7,118.6,127.3,134.2,121.9,126.3,132.8,2016-12-01,-0.5988023952095634,,-0.46795938796118797,No,0.5291502622152617
Rural,2017,January,133.1,137.8,131.9,136.7,122.0,136.0,119.8,161.7,114.8,136.9,129.0,143.9,133.7,143.1,140.7,135.8,140.0,,132.1,133.2,129.9,119.1,127.0,134.6,122.3,126.6,132.4,2017-01-01,-0.3012048192771122,,-0.48603858554916324,No,0.6110100926627066
Rural,2017,February,133.3,138.3,129.3,137.2,122.1,138.7,119.1,156.9,116.2,136.0,129.4,144.4,133.6,143.7,140.9,135.8,140.2,,133.2,133.6,130.1,119.5,127.7,134.9,123.2,127.0,132.6,2017-02-01,0.1510574018126709,,-0.47699898675517627,No,0.2000000000057004
Rural,2017,March,133.6,138.8,128.8,137.2,121.6,139.7,119.7,148.0,116.9,135.6,129.8,145.4,133.4,144.2,141.6,136.2,140.8,,134.2,134.1,130.6,119.8,128.3,135.2,123.3,127.4,132.8,2017-03-01,0.1508295625942901,,-0.46795938796118797,No,0.2000000000057004
Rural,2017,April,133.2,138.7,127.1,137.7,121.3,141.8,121.5,144.5,117.4,134.1,130.0,145.5,133.5,144.4,142.4,136.8,141.6,,135.0,134.3,131.0,119.2,128.3,135.7,123.7,127.5,132.9,2017-04-01,0.0753012048192669,,-0.4634395885641944,No,0.1527525231728024
Rural,2017,May,133.1,140.3,126.8,138.2,120.8,140.2,123.8,141.8,118.6,134.0,130.3,145.8,133.8,145.5,142.5,137.3,141.8,,135.0,134.9,131.4,119.4,129.4,136.3,123.7,127.9,133.3,2017-05-01,0.3009781790820121,,-0.44536039097621916,No,0.2645751311109385
Rural,2017,June,133.5,143.7,128.0,138.6,120.9,140.9,128.8,140.2,118.9,133.5,130.4,146.5,134.9,145.8,143.1,137.7,142.3,,134.8,135.2,131.3,119.4,129.8,136.9,124.1,128.1,133.9,2017-06-01,0.4501125281320295,,-0.4182415945942568,No,0.503322295687139
Rural,2017,July,134.0,144.2,129.8,139.0,120.9,143.9,151.5,138.1,120.0,133.9,131.4,147.7,138.5,147.4,144.3,138.1,143.5,,135.3,136.1,132.1,119.1,130.6,138.6,124.4,128.6,136.2,2017-07-01,1.7176997759521972,,-0.3142862084634011,No,1.530795000428189
Rural,2017,August,134.8,143.1,130.0,139.4,120.5,148.0,162.9,137.4,120.8,134.7,131.6,148.7,140.6,149.0,145.3,139.2,144.5,,136.4,137.3,133.0,120.3,131.5,140.2,125.4,129.7,137.8,2017-08-01,1.1747430249632984,,-0.24196941811149986,No,1.9604421270050947
Rural,2017,September,135.2,142.0,130.5,140.2,120.7,147.8,154.5,137.1,121.0,134.7,131.7,149.3,139.6,149.8,146.1,139.7,145.2,,137.4,137.9,133.4,121.2,132.3,139.6,126.7,130.3,137.6,2017-09-01,-0.1451378809869452,,-0.25100901690548816,No,0.8717797887099407
Rural,2017,October,135.9,141.9,131.0,141.5,121.4,146.7,157.1,136.4,121.4,135.6,131.3,150.3,140.4,150.5,147.2,140.6,146.2,,138.1,138.4,134.2,121.0,133.0,140.1,127.4,130.7,138.3,2017-10-01,0.5087209302325757,,-0.21937042112653105,No,0.3605551275509396
Rural,2017,November,136.3,142.5,140.5,141.5,121.6,147.3,168.0,135.8,122.5,136.0,131.9,151.4,142.4,152.1,148.2,141.5,147.3,,141.1,139.4,135.8,121.6,133.7,141.5,128.1,131.7,140.0,2017-11-01,1.229211858279089,,-0.14253383137763762,No,1.234233905439605
Rural,2017,December,136.4,143.7,144.8,141.9,123.1,147.2,161.0,133.8,121.9,135.8,131.1,151.4,141.5,153.2,148.0,141.9,147.2,,142.6,139.5,136.1,122.0,133.4,141.1,127.8,131.9,139.8,2017-12-01,-0.1428571428571334,,-0.15157343017162464,No,0.9291573243196067
Rural,2018,January,136.6,144.4,143.8,142.0,123.2,147.9,152.1,131.8,119.5,136.0,131.2,151.8,140.4,153.6,148.3,142.3,147.5,,142.3,139.8,136.0,122.7,134.3,141.6,128.6,132.3,139.3,2018-01-01,-0.3576537911301858,,-0.17417242715659345,No,0.3605551275512079
Rural,2018,February,136.4,143.7,140.6,141.5,122.9,149.4,142.4,130.2,117.9,135.6,130.5,151.7,138.7,153.3,148.7,142.4,147.8,,142.4,139.9,136.2,123.3,134.3,141.5,128.8,132.5,138.5,2018-02-01,-0.5743000717875146,,-0.21033082233254405,No,0.6557438524328312
Rural,2018,March,136.8,143.8,140.0,142.0,123.2,152.9,138.0,129.3,117.1,136.3,131.2,152.8,138.6,155.1,149.2,143.0,148.3,,142.6,139.9,136.7,124.6,135.1,142.7,129.3,133.3,138.7,2018-03-01,0.1444043321299659,,-0.20129122353855705,No,0.41633319989734435
Rural,2018,April,137.1,144.5,135.9,142.4,123.5,156.4,135.1,128.4,115.2,137.2,131.9,153.8,138.6,156.1,150.1,143.3,149.1,,143.8,140.9,137.6,125.3,136.0,143.7,130.4,134.2,139.1,2018-04-01,0.2883922134102379,,-0.18321202595058173,No,0.30550504633597786
Rural,2018,May,137.4,145.7,135.5,142.9,123.6,157.5,137.8,127.2,111.8,137.4,132.2,154.3,139.1,157.0,150.8,144.1,149.8,,144.3,141.8,138.4,126.4,136.8,144.4,131.2,135.1,139.8,2018-05-01,0.5032350826743581,,-0.15157343017162464,No,0.5567764362860924
Rural,2018,June,137.6,148.1,136.7,143.2,124.0,154.1,143.5,126.0,112.4,137.6,132.8,154.3,140.0,157.3,151.3,144.7,150.3,,145.1,142.2,138.4,127.4,137.8,145.1,131.4,135.6,140.5,2018-06-01,0.5007153075822446,,-0.11993483439266882,No,0.7000000000024672
Rural,2018,July,138.4,149.3,139.3,143.4,124.1,153.3,154.2,126.4,114.3,138.2,132.8,154.8,142.0,156.1,151.5,145.1,150.6,,146.8,143.1,139.0,127.5,138.4,145.8,131.4,136.0,141.8,2018-07-01,0.92526690391459,,-0.0611774422317494,No,1.014889156510948
Rural,2018,August,139.2,148.8,139.1,143.5,125.0,154.4,156.3,126.8,115.4,138.6,133.8,155.2,142.7,156.4,152.1,145.8,151.3,,147.7,143.8,139.4,128.3,138.6,146.9,131.3,136.6,142.5,2018-08-01,0.4936530324400445,,-0.02953884645279358,No,1.01488915651097
Rural,2018,September,139.4,147.2,136.6,143.7,124.6,150.1,149.4,125.4,114.4,138.7,133.1,155.9,141.3,157.7,152.1,146.1,151.3,,149.0,144.0,140.0,129.9,140.0,147.6,132.0,137.4,142.1,2018-09-01,-0.2807017543859702,,-0.047618044040768887,No,0.3511884584335002
Rural,2018,October,139.3,147.6,134.6,141.9,123.5,144.5,147.6,121.4,112.3,139.5,134.6,155.2,140.2,159.6,150.7,144.5,149.8,,149.7,147.5,144.8,130.8,140.1,148.0,134.4,139.8,142.2,2018-10-01,0.0703729767769223,,-0.04309824464377538,No,0.20816659995519793
Rural,2018,November,137.1,150.8,136.7,141.9,122.8,143.9,147.5,121.0,111.6,140.6,137.5,156.1,140.0,161.9,151.7,145.5,150.8,,150.3,148.0,145.4,130.3,143.1,150.2,133.1,140.1,142.4,2018-11-01,0.1406469760900197,,-0.034058645849787086,No,0.1527525231768917
Rural,2018,December,137.1,151.9,137.4,142.4,124.2,140.2,136.6,120.9,109.9,140.2,137.8,156.0,138.5,162.4,151.6,145.9,150.8,,149.0,149.5,149.6,128.9,143.3,155.1,133.2,141.6,141.9,2018-12-01,-0.3511235955056202,,-0.0566576428347559,No,0.2516611478494491
Rural,2019,January,136.6,152.5,138.2,142.4,123.9,135.5,131.7,121.3,108.4,138.9,137.0,155.8,137.4,162.7,150.6,145.1,149.9,,146.2,150.1,149.6,128.6,142.9,155.2,133.5,141.7,141.0,2019-01-01,-0.634249471458781,,-0.09733583740770001,No,0.7094598884622617
Rural,2019,February,136.8,153.0,139.1,142.5,124.1,135.8,128.7,121.5,108.3,139.2,137.4,156.2,137.2,162.8,150.5,146.1,149.9,,145.3,150.1,149.9,129.2,143.4,155.5,134.9,142.2,141.0,2019-02-01,0.0,,-0.09733583740770001,No,0.5196152422740605
Rural,2019,March,136.9,154.1,138.7,142.5,124.1,136.1,128.2,122.3,108.3,138.9,137.4,156.4,137.3,162.9,150.8,146.1,150.1,,146.4,150.0,150.4,129.9,143.8,155.5,134.0,142.4,141.2,2019-03-01,0.1418439716311947,,-0.088296238613713,No,0.11547005385313867
Rural,2019,May,137.4,159.5,134.5,142.6,124.0,143.7,133.4,125.1,109.3,139.3,137.7,156.4,139.2,163.3,151.3,146.6,150.7,,146.9,149.5,151.3,130.2,145.9,156.7,133.9,142.9,142.4,2019-05-01,0.8498583569405138,,-0.034058645849787086,No,0.7571877794423852
Rural,2019,June,137.8,163.5,136.2,143.2,124.3,143.3,140.6,128.7,110.6,140.4,138.0,156.6,141.0,164.2,151.4,146.5,150.7,,147.8,149.6,151.7,130.2,146.4,157.7,134.8,143.3,143.6,2019-06-01,0.8426966292134797,,0.02017894691413754,No,1.2000000000015083
Rural,2019,July,138.4,164.0,138.4,143.9,124.4,146.4,150.1,130.6,110.8,141.7,138.5,156.7,143.0,164.5,151.6,146.6,150.9,,146.8,150.0,152.2,131.2,147.5,159.1,136.1,144.2,144.9,2019-07-01,0.9052924791086436,,0.07893633907505695,No,1.2503332889022063
Rural,2019,August,139.2,161.9,137.1,144.6,124.7,145.5,156.2,131.5,111.7,142.7,138.5,156.9,144.0,165.1,151.8,146.6,151.1,,146.4,150.2,152.7,131.4,148.0,159.7,138.8,144.9,145.7,2019-08-01,0.552104899930983,,0.11509473425100628,No,1.0598742063740487
Rural,2019,September,140.1,161.9,138.3,145.7,125.1,143.8,163.4,132.2,112.8,144.2,138.5,157.2,145.5,165.7,151.7,146.6,151.0,,146.9,150.3,153.4,131.6,148.3,160.2,140.2,145.4,146.7,2019-09-01,0.6863417982155173,,0.1602927282209439,No,0.9018499505666326
Rural,2019,October,141.0,161.6,141.2,146.5,125.6,145.7,178.8,133.1,113.6,145.5,138.6,157.4,148.3,166.3,151.7,146.7,151.0,,147.7,150.6,153.7,131.7,148.7,160.7,140.3,145.7,148.3,2019-10-01,1.0906612133606108,,0.23260951857284512,No,1.3114877048618288
Rural,2019,November,141.8,163.7,143.8,147.1,126.0,146.2,191.4,136.2,113.8,147.3,138.7,157.7,150.9,167.2,152.3,147.0,151.5,,148.4,150.9,154.3,132.1,149.1,160.8,140.6,146.1,149.9,2019-11-01,1.078894133513142,,0.30492630892474504,No,1.6000000000011634
Rural,2019,December,142.8,165.3,149.5,148.7,127.5,144.3,209.5,138.8,113.6,149.1,139.3,158.3,154.3,167.8,152.6,147.3,151.9,,149.9,151.2,154.8,135.0,149.5,161.1,140.6,147.1,152.3,2019-12-01,1.6010673782521634,,0.41340149445259555,No,2.0132891827397716
Rural,2020,January,143.7,167.3,153.5,150.5,132.0,142.2,191.5,141.1,113.8,151.6,139.7,158.7,153.0,168.6,152.8,147.4,152.1,,150.4,151.7,155.7,136.3,150.1,161.7,142.5,148.1,151.9,2020-01-01,-0.2626395272488535,,0.3953222968646203,No,1.2858201014671342
Rural,2020,February,144.2,167.5,150.9,150.9,133.7,140.7,165.1,141.8,113.1,152.8,140.1,159.2,149.8,169.4,153.0,147.5,152.3,,152.3,151.8,156.2,136.0,150.4,161.9,143.4,148.4,150.4,2020-02-01,-0.9874917709019048,,0.32752530590971385,No,1.0016652800895935
Rural,2020,March,144.4,166.8,147.6,151.7,133.3,141.8,152.3,141.8,112.6,154.0,140.1,160.0,148.2,170.5,153.4,147.6,152.5,,153.4,151.5,156.7,135.8,151.2,161.2,145.1,148.6,149.8,2020-03-01,-0.3989361702127603,,0.30040650952775155,No,1.0816653826408897
Rural,2020,April,147.2,,146.9,155.6,137.1,147.3,162.7,150.2,119.8,158.7,139.2,,150.1,,,,,,148.4,,154.3,,,,,,,2020-04-01,0.0,,,No,
Rural,2020,May,,,,,,,,,,,,,,,,,,,,,,,,,,,,2020-05-01,0.0,,,No,
Rural,2020,June,148.2,190.3,149.4,153.3,138.2,143.2,148.9,150.3,113.2,159.8,142.1,161.8,152.3,182.4,154.7,150.0,154.1,,144.9,151.7,158.2,141.4,153.2,161.8,151.2,151.7,152.7,2020-06-01,1.9359145527369612,,0.4314806920405696,No,
Rural,2020,July,148.2,190.3,149.4,153.3,138.2,143.2,148.9,150.3,113.2,159.8,142.1,161.8,152.3,182.4,154.7,150.0,154.1,,144.9,151.7,158.2,141.4,153.2,161.8,151.2,151.7,152.7,2020-07-01,0.0,,0.4314806920405696,No,
Rural,2020,August,147.6,187.2,148.4,153.3,139.8,146.9,171.0,149.9,114.2,160.0,143.5,161.5,155.3,180.9,155.1,149.3,154.3,,145.8,151.9,158.8,143.6,152.2,162.7,153.6,153.0,154.7,2020-08-01,1.309757694826463,,0.5218766799804448,No,1.1547005383792557
Rural,2020,September,146.9,183.9,149.5,153.4,140.4,147.0,178.8,149.3,115.1,160.0,145.4,161.6,156.1,182.9,155.4,149.9,154.6,,146.4,151.6,159.1,144.6,152.8,161.1,157.4,153.7,155.4,2020-09-01,0.452488687782826,,0.553515275759402,No,1.401189970465595
Rural,2020,October,146.0,186.3,159.2,153.6,142.6,147.2,200.6,150.3,115.3,160.9,147.4,161.9,159.6,182.7,155.7,150.6,155.0,,146.8,152.0,159.5,146.4,152.4,162.5,156.2,154.3,157.5,2020-10-01,1.3513513513513375,,0.6484310630962706,No,1.4571661996263239
Rural,2020,November,145.4,188.6,171.6,153.8,145.4,146.5,222.2,155.9,114.9,162.0,150.0,162.7,163.4,183.4,156.3,151.0,155.5,,147.5,152.8,160.4,146.1,153.6,161.6,156.2,154.5,159.8,2020-11-01,1.460317460317473,,0.7523864492271277,No,2.2007574453659093
Rural,2020,December,144.6,188.5,173.4,154.0,150.0,145.9,225.2,159.5,114.4,163.5,153.4,163.6,164.5,183.6,157.0,151.6,156.3,,148.7,153.4,161.6,146.4,153.9,162.9,156.6,155.2,160.7,2020-12-01,0.5632040050062459,,0.7930646438000706,No,1.6502525059316058
Rural,2021,January,143.4,187.5,173.4,154.0,154.8,147.0,187.8,159.5,113.8,164.5,156.1,164.3,159.6,184.6,157.5,152.4,156.8,,150.9,153.9,162.5,147.5,155.1,163.5,156.2,155.9,158.5,2021-01-01,-1.3690105787180995,,0.6936290570662083,No,1.1060440015359116
Rural,2021,February,142.8,184.0,168.0,154.4,163.0,147.8,149.7,158.3,111.8,165.0,160.0,165.8,154.7,186.5,159.1,153.9,158.4,,154.4,154.8,164.3,150.2,157.0,163.6,155.2,157.2,156.7,2021-02-01,-1.1356466876971671,,0.6122726679203201,No,2.0033305601756064
Rural,2021,March,142.5,189.4,163.2,154.5,168.2,150.5,141.0,159.2,111.7,164.0,160.6,166.4,154.5,186.1,159.6,154.4,158.9,-,156.0,154.8,164.6,151.3,157.8,163.8,153.1,157.3,156.7,2021-03-01,0.0,,0.6122726679203201,No,1.0392304845413767
Rural,2021,April,142.7,195.5,163.4,155.0,175.2,160.6,135.1,161.1,112.2,164.4,161.9,166.8,155.6,186.8,160.7,155.1,159.9,-,156.0,155.5,165.3,151.7,158.6,164.1,154.6,158.0,157.6,2021-04-01,0.574345883854499,,0.6529508624932642,No,0.5196152422707414
Rural,2021,May,145.1,198.5,168.6,155.8,184.4,162.3,138.4,165.1,114.3,169.7,164.6,169.8,158.7,189.6,165.3,160.6,164.5,,161.7,158.8,169.1,153.2,160.0,167.6,159.3,161.1,161.1,2021-05-01,2.220812182741128,,0.8111438413880458,No,2.324507116214829
Rural,2021,June,145.6,200.1,179.3,156.1,190.4,158.6,144.7,165.5,114.6,170.0,165.5,171.7,160.5,189.1,165.3,159.9,164.6,,162.1,159.2,169.7,154.2,160.4,166.8,159.4,161.5,162.1,2021-06-01,0.6207324643078937,,0.8563418353579835,No,2.362907813126293
Rural,2021,July,145.1,204.5,180.4,157.1,188.7,157.7,152.8,163.6,113.9,169.7,166.2,171.0,161.7,189.7,166.0,161.1,165.3,,162.5,160.3,170.4,157.1,160.7,167.2,160.4,162.8,163.2,2021-07-01,0.6785934608266375,,0.9060596287249145,No,1.050396750439166
Rural,2021,August,144.9,202.3,176.5,157.5,190.9,155.7,153.9,162.8,115.2,169.8,167.6,171.9,161.8,190.2,167.0,162.6,166.3,,163.1,160.9,171.1,157.7,161.1,167.5,160.3,163.3,163.6,2021-08-01,0.2450980392156854,,0.9241388263128899,No,0.7767453465152456
Rural,2021,September,145.4,202.1,172.0,158.0,195.5,152.7,151.4,163.9,119.3,170.1,168.3,172.8,162.1,190.5,167.7,163.6,167.1,,163.7,161.3,171.9,157.8,162.7,168.5,160.2,163.8,164.0,2021-09-01,0.2444987775061191,,0.9422180239008652,No,0.3999999999996267
Rural,2021,October,146.1,202.5,170.1,158.4,198.8,152.6,170.4,165.2,121.6,170.6,168.8,173.6,165.5,191.2,168.9,164.8,168.3,,165.5,162.0,172.5,159.5,163.2,169.0,161.1,164.7,166.3,2021-10-01,1.4024390243902565,,1.0461734100317222,No,1.4571661996261713
Rural,2021,November,146.9,199.8,171.5,159.1,198.4,153.2,183.9,165.4,122.1,170.8,169.1,174.3,167.5,191.4,170.4,166.0,169.8,,165.3,162.9,173.4,158.9,163.8,169.3,162.4,165.2,167.6,2021-11-01,0.7817197835237488,,1.1049308021926403,No,1.8230011885165793
Rural,2021,December,147.4,197.0,176.5,159.8,195.8,152.0,172.3,164.5,120.6,171.7,169.7,175.1,165.8,190.8,171.8,167.3,171.2,,165.6,163.9,174.0,160.1,164.5,169.7,162.8,166.0,167.0,2021-12-01,-0.3579952267303121,,1.077812005810678,No,0.6506407098643382
Rural,2022,January,148.3,196.9,178.0,160.5,192.6,151.2,159.2,164.0,119.3,173.3,169.8,175.8,164.1,190.7,173.2,169.3,172.7,,165.8,164.9,174.7,160.8,164.9,169.9,163.2,166.6,166.4,2022-01-01,-0.3592814371257469,,1.0506932094287158,No,0.5999999999995317
Rural,2022,February,148.8,198.1,175.5,160.7,192.6,151.4,155.2,163.9,118.1,175.4,170.5,176.3,163.9,191.5,174.1,171.0,173.7,,167.4,165.7,175.3,161.2,165.5,170.3,164.5,167.3,166.7,2022-02-01,0.1802884615384581,,1.0642526076196963,No,0.29999999999911453
Rural,2022,March,150.2,208.0,167.9,162.0,203.1,155.9,155.8,164.2,118.1,178.7,171.2,177.4,166.6,192.3,175.4,173.2,175.1,,168.9,166.5,176.0,162.0,166.6,170.6,167.4,168.3,168.7,2022-03-01,1.1997600479904058,,1.1546485955595716,No,1.2503332889005094
Rural,2022,April,151.8,209.7,164.5,163.8,207.4,169.7,153.6,165.1,118.2,182.9,172.4,178.9,168.6,192.8,177.5,175.1,177.1,,173.3,167.7,177.0,166.2,167.2,170.9,169.0,170.2,170.8,2022-04-01,1.2448132780083163,,1.2495643828964416,No,2.0502032419574268
Rural,2022,May,152.9,214.7,161.4,164.6,209.9,168.0,160.4,165.0,118.9,186.6,173.2,180.4,170.8,192.9,179.3,177.2,179.0,,175.3,168.9,177.7,167.1,167.6,171.8,168.5,170.9,172.5,2022-05-01,0.99531615925057,,1.326400972645335,No,1.903505538035708
Rural,2022,June,153.8,217.2,169.6,165.4,208.1,165.8,167.3,164.6,119.1,188.9,174.2,181.9,172.4,192.9,180.7,178.7,180.4,,176.7,170.3,178.2,165.5,168.0,172.6,169.5,171.0,173.6,2022-06-01,0.6376811594202891,,1.376118766012266,No,1.4106735979662854
Rural,2022,July,155.2,210.8,174.3,166.3,202.2,169.6,168.6,164.4,119.2,191.8,174.5,183.1,172.5,193.2,182.0,180.3,181.7,,179.6,171.3,178.8,166.3,168.6,174.7,169.7,171.8,174.3,2022-07-01,0.4032258064516236,,1.4077573617912231,No,0.9073771725872787
Rural,2022,August,159.5,204.1,168.3,167.9,198.1,169.2,173.1,167.1,120.2,195.6,174.8,184.0,173.9,193.7,183.2,181.7,183.0,,179.1,172.3,179.4,166.6,169.3,175.7,171.1,172.6,175.3,2022-08-01,0.5737234652897216,,1.4529553557611607,No,0.8544003745312668
Rural,2022,September,162.9,206.7,169.0,169.5,194.1,164.1,176.9,169.0,120.8,199.1,175.4,184.8,175.5,194.5,184.7,183.3,184.5,,179.7,173.6,180.2,166.9,170.0,176.2,170.8,173.1,176.4,2022-09-01,0.627495721620086,,1.5026731491280918,No,1.0503967504388438
Rural,2022,October,164.7,208.8,170.3,170.9,191.6,162.2,184.8,169.7,121.1,201.6,175.8,185.6,177.4,194.9,186.1,184.4,185.9,,180.8,174.4,181.2,167.4,170.6,176.5,172.0,173.9,177.9,2022-10-01,0.8503401360544283,,1.5704701400829983,No,1.3051181300297858
Rural,2022,November,166.9,207.2,180.2,172.3,194.0,159.1,171.6,170.2,121.5,204.8,176.4,186.9,176.6,195.5,187.2,185.2,186.9,,181.9,175.5,182.3,167.5,170.8,176.9,173.4,174.6,177.8,2022-11-01,-0.0562113546936471,,1.5659503406860047,No,0.8386497083600544
Rural,2022,December,168.8,206.9,189.1,173.4,193.9,156.7,150.2,170.5,121.2,207.5,176.8,187.7,174.4,195.9,188.1,185.9,187.8,,182.8,176.4,183.5,167.8,171.2,177.3,175.7,175.5,177.1,2022-12-01,-0.3937007874015852,,1.5343117449070478,No,0.4358898943529797
Rural,2023,January,174.0,208.3,192.9,174.3,192.6,156.3,142.9,170.7,120.3,210.5,176.9,188.5,175.0,196.9,189.0,186.3,188.6,,183.2,177.2,184.7,168.2,171.8,177.8,178.4,176.5,177.8,2023-01-01,0.3952569169960673,,1.5659503406860047,No,0.40414518843156927
Rural,2023,February,174.2,205.2,173.9,177.0,183.4,167.2,140.9,170.4,119.1,212.1,177.6,189.9,174.8,198.3,190.0,187.0,189.6,,181.6,178.6,186.6,169.0,172.8,178.5,180.7,177.9,178.0,2023-02-01,0.1124859392575894,,1.5749899394799918,No,0.4725815626242531
Rural,2023,March,174.3,205.2,173.9,177.0,183.3,167.2,140.9,170.5,119.1,212.1,177.6,189.9,174.8,198.4,190.0,187.0,189.6,,181.4,178.6,186.6,169.0,172.8,178.5,180.7,177.9,178.0,2023-03-01,0.0,,1.5749899394799918,No,0.11547005383369709
Rural,2023,April,173.3,206.9,167.9,178.2,178.5,173.7,142.8,172.8,120.4,215.5,178.2,190.5,175.5,199.5,190.7,187.3,190.2,-,181.5,179.1,187.2,169.4,173.2,179.4,183.8,178.9,178.8,2023-04-01,0.4494382022471876,,1.6111483346559423,No,0.4618802153506118
Rural,2023,May,173.2,211.5,171.0,179.6,173.3,169.0,148.7,174.9,121.9,221.0,178.7,191.1,176.8,199.9,191.2,187.9,190.8,-,182.5,179.8,187.8,169.7,173.8,180.3,184.9,179.5,179.8,2023-05-01,0.5592841163311046,,1.65634632862588,No,0.9018499505639892
Rural,2023,June,174.4,220.4,181.1,180.1,167.2,167.0,165.9,180.9,122.8,226.3,179.2,191.6,180.5,200.4,191.9,188.5,191.4,-,181.8,180.4,188.5,169.9,174.3,181.9,184.4,180.0,181.9,2023-06-01,1.1679644048943283,,1.7512621159627488,No,1.5821925715070555
Rural,2023,July,176.5,215.5,180.0,180.6,165.3,173.4,227.0,185.3,123.8,234.5,179.7,192.0,190.0,201.0,192.4,189.0,191.9,-,185.5,180.9,189.1,170.6,175.1,183.8,184.4,180.7,187.6,2023-07-01,3.133589884551946,,2.0088906815913927,No,4.0360872141219035
Rural,2023,August,179.0,211.1,174.2,181.2,165.2,174.2,216.4,187.8,124.8,242.1,180.3,192.9,189.5,201.7,192.9,189.1,192.3,-,185.9,181.3,189.8,171.1,175.6,184.5,184.7,181.2,187.6,2023-08-01,0.0,,2.0088906815913927,No,3.2908965343805634
Rural,2023,September,181.4,214.5,178.5,181.5,164.5,173.6,184.5,195.0,126.6,246.3,180.5,193.2,186.7,202.2,193.3,189.4,192.7,-,181.6,181.3,190.4,171.3,175.9,184.9,185.1,181.6,185.8,2023-09-01,-0.9594882729211052,,1.9275342924455057,No,1.0392304845402829
Rural,2023,October,183.0,215.1,185.2,181.8,163.1,174.9,190.5,199.8,128.1,248.7,181.1,193.5,188.5,202.5,193.8,189.5,193.2,-,182.3,181.7,191.4,171.4,176.3,184.8,185.2,181.9,187.0,2023-10-01,0.6458557588805203,,1.9817718852094304,No,0.9165151389900067
Rural,2023,November,184.8,210.9,190.4,182.2,162.6,174.6,199.9,202.9,129.7,249.8,181.8,193.7,190.2,202.9,194.4,189.8,193.7,-,182.4,182.0,191.9,171.7,176.4,185.2,186.7,182.5,188.2,2023-11-01,0.6417112299465177,,2.036009477973355,No,1.1999999999990965
Rural+Urban,2013,January,108.4,107.3,110.0,104.4,105.1,103.2,102.2,106.0,106.2,102.7,104.9,107.3,105.6,105.1,106.3,105.5,106.2,100.3,105.5,104.8,104.0,103.2,103.1,103.6,104.5,103.9,104.6,2013-01-01,,,-1.6937596168326798,No,
Rural+Urban,2013,February,110.4,110.2,112.8,104.9,105.5,103.6,103.2,105.3,105.1,102.8,105.5,108.3,106.6,105.7,106.9,106.0,106.8,100.4,106.0,105.2,104.5,104.2,103.6,103.9,104.5,104.4,105.3,2013-02-01,0.6692160611854625,,-1.662030176943851,No,
Rural+Urban,2013,March,111.4,109.7,111.2,105.1,104.9,105.3,102.2,105.0,104.2,103.0,106.2,108.9,106.9,106.6,107.4,106.5,107.3,100.4,106.1,105.6,104.9,105.1,103.7,104.0,104.3,104.7,105.5,2013-03-01,0.1899335232668608,,-1.6529646226898997,No,0.47258156262526896
Rural+Urban,2013,April,111.6,110.9,106.6,105.7,104.4,108.9,105.5,105.3,103.5,103.3,107.2,109.6,107.7,107.5,108.0,107.0,107.9,100.5,106.5,106.3,105.3,104.7,104.2,105.0,102.9,104.8,106.1,2013-04-01,0.5687203791469031,,-1.625767959928047,No,0.41633319989323914
Rural+Urban,2013,May,112.3,111.3,104.7,106.8,103.9,109.3,112.9,105.8,103.1,104.3,108.1,110.5,109.2,108.6,108.7,107.4,108.5,100.5,107.4,106.9,105.9,104.0,104.8,105.6,102.3,104.8,106.9,2013-05-01,0.7540056550424223,,-1.5895057429122423,No,0.7023769168568712
Rural+Urban,2013,June,113.8,114.9,109.8,107.9,104.2,110.7,126.7,106.3,103.2,105.7,109.0,111.6,112.2,109.5,109.5,108.1,109.3,106.6,108.3,107.6,106.4,105.1,105.4,107.4,102.8,105.8,109.3,2013-06-01,2.2450888681010195,,-1.48071909186483,No,1.6653327995729246
Rural+Urban,2013,July,114.8,116.4,111.9,108.9,104.3,111.7,140.0,106.4,103.3,106.8,109.6,112.6,114.7,110.3,110.2,108.8,110.0,107.7,109.2,108.2,107.0,107.1,106.1,109.1,102.8,106.9,111.0,2013-07-01,1.5553522415370669,,-1.4036618807062462,No,2.059935274064069
Rural+Urban,2013,August,115.6,117.2,111.7,109.6,104.5,109.8,151.8,106.5,103.1,107.4,110.2,113.4,116.6,111.2,111.0,109.4,110.7,108.9,109.7,108.7,107.5,108.0,106.6,109.9,105.4,107.9,112.4,2013-08-01,1.2612612612612706,,-1.3402030009285886,No,1.5524174696260458
Rural+Urban,2013,September,116.4,116.9,112.3,110.5,105.3,107.3,160.9,107.1,103.1,108.3,110.7,114.6,118.3,112.0,112.2,110.4,111.9,109.7,110.5,109.6,108.1,109.9,107.5,110.6,106.8,109.0,113.7,2013-09-01,1.1565836298932377,,-1.281276898277907,No,1.3503086067020016
Rural+Urban,2013,October,117.1,116.3,113.3,111.2,105.7,109.9,171.2,107.3,102.7,108.7,111.2,115.4,120.2,112.5,113.2,111.2,112.8,110.5,110.9,110.3,108.6,109.5,108.1,110.8,107.4,109.2,114.8,2013-10-01,0.9674582233949014,,-1.2314163498811765,No,1.2013880860627557
Rural+Urban,2013,November,118.1,115.4,118.7,112.5,106.8,113.5,183.1,108.2,102.2,109.4,111.8,116.5,122.6,113.1,114.2,111.9,113.8,111.1,111.6,111.1,109.3,109.5,108.6,111.2,108.1,109.7,116.3,2013-11-01,1.3066202090592285,,-1.1634246929765437,No,1.3051181300302175
Rural+Urban,2013,December,119.1,116.7,123.5,113.4,107.3,113.3,145.4,108.7,101.5,110.5,112.1,117.4,118.4,114.0,115.2,112.7,114.8,110.7,111.9,111.7,109.7,109.8,109.0,111.5,107.9,110.0,114.5,2013-12-01,-1.5477214101461745,,-1.2450146812621028,No,0.9643650760994256
Rural+Urban,2014,January,119.6,118.8,124.1,114.1,106.8,113.9,122.2,108.9,100.2,111.0,112.3,118.1,115.8,114.5,115.8,113.2,115.4,111.6,112.2,112.3,110.3,110.7,109.7,111.6,108.2,110.6,113.6,2014-01-01,-0.7860262008733687,,-1.285809675404883,No,1.3747727084868382
Rural+Urban,2014,February,120.2,119.2,122.5,115.1,106.6,115.4,114.5,109.3,99.2,111.4,112.6,118.8,115.3,114.7,116.4,113.3,115.9,112.5,112.4,112.8,110.7,111.1,110.1,111.8,108.7,110.9,113.6,2014-02-01,0.0,,-1.285809675404883,No,0.5196152422708636
Rural+Urban,2014,April,120.9,119.9,116.2,117.0,107.3,126.1,120.7,111.0,101.8,112.6,113.2,119.8,117.6,116.0,117.4,114.6,117.0,113.9,112.5,113.6,111.5,111.2,110.9,112.7,109.0,111.5,115.1,2014-04-01,1.3204225352112742,,-1.21781801850025,No,0.8660254037845557
Rural+Urban,2014,May,121.1,121.6,115.9,118.4,107.7,127.7,125.0,111.9,102.8,113.4,113.7,120.4,118.9,116.8,118.0,115.2,117.6,114.3,112.5,114.1,111.8,111.3,111.2,113.0,109.1,111.8,115.8,2014-05-01,0.6081668114682914,,-1.1860885786114213,No,1.1239810200059157
Rural+Urban,2014,June,121.5,123.1,115.8,119.7,107.8,128.3,132.1,112.4,102.9,114.3,114.2,121.2,120.4,117.8,118.8,115.6,118.3,113.9,113.2,114.6,112.3,111.8,111.6,114.8,108.3,112.3,116.7,2014-06-01,0.7772020725388629,,-1.1452935844686414,No,0.8020806277012014
Rural+Urban,2014,July,122.4,123.9,117.8,121.0,107.9,131.2,157.7,113.2,104.1,115.5,114.8,122.1,124.7,118.8,119.6,116.3,119.1,114.8,113.9,115.2,112.7,113.1,112.1,116.8,109.2,113.3,119.2,2014-07-01,2.142245072836335,,-1.0319741562942533,No,1.7616280348965716
Rural+Urban,2014,August,122.7,124.4,117.3,122.0,108.0,131.1,168.2,114.5,104.3,117.1,115.2,123.1,126.6,119.9,120.0,116.8,119.6,115.5,114.0,115.6,113.3,112.8,112.6,118.0,109.9,113.7,120.3,2014-08-01,0.9228187919463116,,-0.9821136078975228,No,1.8448125469362842
Rural+Urban,2014,September,122.9,123.5,117.3,122.7,107.9,127.3,162.1,115.6,103.8,117.6,115.8,123.8,125.8,120.8,120.7,117.2,120.1,116.1,114.3,116.1,113.7,112.0,113.1,118.6,109.5,113.7,120.1,2014-09-01,-0.1662510390689986,,-0.991179162151474,No,0.5859465277084124
Rural+Urban,2014,October,123.2,123.8,118.1,123.2,107.9,126.4,156.8,116.1,103.1,118.1,116.1,124.5,125.4,121.1,121.5,118.1,121.0,116.7,114.7,116.7,114.3,111.8,113.3,118.8,109.6,113.9,120.1,2014-10-01,0.0,,-0.991179162151474,No,0.11547005383888238
Rural+Urban,2014,November,123.3,123.7,121.0,124.2,107.8,125.7,152.4,117.2,102.1,118.7,116.4,125.6,125.1,122.1,122.1,118.4,121.6,117.1,115.5,117.3,114.8,110.8,113.7,119.0,109.1,113.8,120.1,2014-11-01,0.0,,-0.991179162151474,No,0.0
Rural+Urban,2014,December,122.9,123.2,123.5,124.5,107.6,125.7,140.5,117.6,100.6,119.1,116.8,126.1,123.6,123.0,122.6,118.6,122.0,116.5,115.7,117.5,115.1,110.1,113.9,119.5,109.8,113.8,119.4,2014-12-01,-0.5828476269775118,,-1.022908602040302,No,0.40414518843300185
Rural+Urban,2015,January,123.4,123.9,123.8,125.0,108.5,126.2,133.0,119.1,99.0,120.3,117.3,126.7,123.1,124.0,123.1,119.3,122.5,117.3,116.5,118.1,115.5,109.4,114.3,119.7,110.7,114.0,119.5,2015-01-01,0.0837520938023361,,-1.0183758249133268,No,0.37859388972030134
Rural+Urban,2015,February,123.7,125.1,121.1,125.7,109.1,125.8,129.4,120.9,98.3,121.6,118.0,127.6,123.1,125.2,123.8,120.1,123.3,118.1,117.7,118.7,116.3,108.7,114.9,119.7,111.2,114.1,119.7,2015-02-01,0.1673640167364043,,-1.0093102706593757,No,0.15275252316591573
Rural+Urban,2015,March,123.5,125.4,116.8,126.0,109.2,127.6,129.2,122.4,97.0,122.1,118.1,128.4,123.4,125.8,124.3,120.4,123.7,118.6,118.3,119.2,116.7,109.9,115.4,120.1,111.0,114.7,120.2,2015-03-01,0.417710944026739,,-0.986646385024498,No,0.36055512754669283
Rural+Urban,2015,April,123.5,126.4,114.4,126.6,109.2,132.5,128.6,124.8,95.7,122.4,118.5,129.1,124.0,126.9,124.7,120.8,124.1,119.2,118.7,119.7,117.1,110.1,115.9,121.0,111.7,115.1,120.7,2015-04-01,0.4159733777038266,,-0.9639824993896204,No,0.500000000000198
Rural+Urban,2015,May,123.6,128.0,115.0,127.3,109.8,132.6,130.9,130.5,95.3,123.4,119.2,129.8,125.0,127.9,125.4,121.3,124.7,119.6,119.2,120.2,117.7,112.0,116.3,121.4,112.3,116.1,121.6,2015-05-01,0.7456503728251684,,-0.9231875052468411,No,0.7094598884598797
Rural+Urban,2015,June,123.9,131.8,121.6,128.2,111.1,132.8,139.1,137.4,94.1,125.5,119.8,130.9,127.3,129.2,126.4,122.0,125.7,119,119.8,121.1,118.5,112.9,116.9,123.1,112.8,117.0,123.0,2015-06-01,1.1513157894736947,,-0.8597286254691835,No,1.1590225767143185
Rural+Urban,2015,July,123.7,132.5,121.0,128.3,110.9,133.1,145.1,139.1,91.3,126.1,119.9,131.4,128.2,130.4,126.7,122.3,126.1,119.9,120.1,121.3,119.0,112.7,117.2,124.4,112.3,117.2,123.6,2015-07-01,0.4878048780487809,,-0.8325319627073307,No,1.0263202878894575
Rural+Urban,2015,August,124.2,131.4,120.1,128.5,111.4,132.3,157.6,144.0,90.5,126.8,120.4,132.1,130.3,131.2,127.2,122.9,126.6,120.9,120.6,122.0,119.4,111.7,117.8,125.1,112.3,117.2,124.8,2015-08-01,0.9708737864077666,,-0.7781386371836243,No,0.9165151389912403
Rural+Urban,2015,September,124.6,130.4,118.7,128.9,111.9,128.4,162.2,150.0,90.4,128.4,120.7,132.5,131.2,132.0,127.9,123.4,127.2,121.6,120.4,122.6,119.8,111.3,118.3,125.7,113.4,117.5,125.4,2015-09-01,0.480769230769229,,-0.7509419744217708,No,0.9165151389912295
Rural+Urban,2015,October,125.0,129.8,118.9,129.1,113.3,129.0,160.4,165.3,92.3,129.7,121.1,133.0,132.1,132.5,128.5,123.8,127.8,122.4,120.8,123.0,120.4,111.4,118.7,125.9,113.9,117.9,126.1,2015-10-01,0.5582137161084466,,-0.7192125345329426,No,0.6506407098648223
Rural+Urban,2015,November,125.4,130.3,121.6,129.2,114.9,128.2,158.4,171.2,93.3,131.2,121.7,134.0,132.7,133.6,129.3,124.5,128.6,122.9,121.6,123.4,120.9,111.5,119.2,126.3,113.8,118.1,126.6,2015-11-01,0.3965107057890549,,-0.696548648898065,No,0.6027713773341952
Rural+Urban,2015,December,125.7,131.4,124.8,129.4,115.3,126.6,146.7,171.5,94.5,132.1,122.0,134.7,131.4,134.5,129.7,124.8,129.0,122.4,122.0,123.6,121.4,111.5,119.6,126.2,113.7,118.3,126.1,2015-12-01,-0.3949447077409185,,-0.7192125345329426,No,0.28867513459485705
Rural+Urban,2016,January,126.1,134.1,128.6,129.9,115.5,125.7,141.5,170.7,97.4,132.9,122.7,135.3,131.3,135.2,130.3,125.1,129.5,123.4,122.7,124.2,122.0,111.1,119.8,126.3,114.5,118.5,126.3,2016-01-01,0.1586042823156219,,-0.7101469802789915,No,0.25166114784240107
Rural+Urban,2016,February,126.4,134.2,128.7,130.3,114.8,124.9,130.3,167.4,98.8,133.6,123.0,135.8,129.9,135.9,130.9,125.8,130.2,124.4,123.1,124.6,122.5,111.4,120.3,126.6,116.6,119.1,126.0,2016-02-01,-0.2375296912114022,,-0.7237453116599178,No,0.15275252316529078
Rural+Urban,2016,March,126.5,135.1,124.6,130.2,114.5,126.2,129.8,164.3,100.9,133.9,123.1,136.3,129.8,136.5,131.3,126.1,130.5,124.9,122.4,125.1,122.9,110.9,120.6,126.9,117.3,119.3,126.0,2016-03-01,0.0,,-0.7237453116599178,No,0.17320508075697372
Rural+Urban,2016,April,126.6,136.8,122.0,130.9,114.8,134.8,135.0,167.5,106.4,134.4,123.6,136.7,131.8,137.1,131.8,126.4,131.0,125.6,122.3,125.5,123.2,112.1,121.1,127.7,118.1,120.0,127.3,2016-04-01,1.031746031746028,,-0.6648192090092362,No,0.7505553499465277
Rural+Urban,2016,May,126.8,139.1,125.4,131.7,115.0,136.0,145.1,171.7,108.7,135.3,124.2,137.4,134.0,137.7,132.2,126.8,131.4,126,122.7,126.0,123.7,112.8,121.5,128.5,119.2,120.7,128.6,2016-05-01,1.021209740769824,,-0.6058931063585545,No,1.3000000000000034
Rural+Urban,2016,June,127.7,140.5,128.3,132.6,115.5,136.5,159.7,174.3,109.9,136.3,124.4,138.1,136.8,138.7,132.9,127.2,132.0,125.5,123.3,126.4,124.1,114.2,121.7,129.7,119.4,121.5,130.1,2016-06-01,1.1664074650077794,,-0.5379014494539217,No,1.40118997046559
Rural+Urban,2016,July,128.5,141.2,132.3,133.5,116.4,137.8,165.4,177.4,111.3,137.5,125.0,138.8,138.4,139.3,133.5,127.6,132.7,126.4,123.4,126.9,124.5,113.9,122.4,130.8,120.5,121.9,131.1,2016-07-01,0.768639508070712,,-0.49257367818416653,No,1.2583057392118027
Rural+Urban,2016,August,129.3,139.3,131.6,134.1,116.9,138.1,159.1,175.6,112.9,138.1,125.5,139.5,137.9,140.2,134.1,128.2,133.2,127.3,123.6,127.4,124.8,113.1,122.7,131.7,121.5,122.1,131.1,2016-08-01,0.0,,-0.49257367818416653,No,0.577350269189617
Rural+Urban,2016,September,129.9,138.0,130.5,134.4,117.2,136.1,150.7,171.5,113.8,138.8,126.0,140.2,136.6,141.0,134.6,128.6,133.8,127.9,124.1,127.9,125.4,114.3,122.9,131.8,122.1,122.8,130.9,2016-09-01,-0.1525553012967084,,-0.501639232438117,No,0.11547005383781314
Rural+Urban,2016,October,130.5,137.9,130.2,134.8,117.8,134.7,151.2,172.1,114.1,139.3,126.1,141.1,137.0,141.8,135.5,129.1,134.5,128.7,124.3,128.4,126.1,115.2,123.5,132.4,122.1,123.4,131.4,2016-10-01,0.381970970206269,,-0.47897534680323944,No,0.2516611478422834
Rural+Urban,2016,November,131.4,137.8,132.0,135.0,118.0,134.1,141.9,171.7,114.1,139.7,126.2,141.8,136.1,142.0,135.8,129.3,135.0,129.1,125.0,128.6,126.4,115.7,124.0,132.8,122.6,123.8,131.2,2016-11-01,-0.1522070015220866,,-0.4880409010571913,No,0.25166114784227117
Rural+Urban,2016,December,132.3,137.6,132.9,135.1,118.6,132.7,125.3,168.7,114.4,140.2,126.6,142.3,134.0,143.1,136.3,129.8,135.4,128.5,126.6,129.2,126.9,116.0,124.2,133.1,121.1,123.9,130.4,2016-12-01,-0.609756097560965,,-0.5243031180729947,No,0.5291502622129004
Rural+Urban,2017,January,132.8,138.2,132.2,135.4,119.1,133.0,119.4,159.5,115.6,139.6,126.6,142.8,133.1,143.8,136.6,130.2,135.6,129.6,126.8,129.4,127.1,117.0,124.2,133.3,121.7,124.4,130.3,2017-01-01,-0.0766871165644111,,-0.52883589519997,No,0.49328828623165316
Rural+Urban,2017,February,133.1,138.8,129.3,135.8,119.2,135.3,119.5,152.2,117.3,138.7,126.9,143.2,133.0,144.4,136.8,130.3,135.9,130.5,127.9,129.7,127.4,117.4,124.6,133.4,122.6,124.8,130.6,2017-02-01,0.2302379125095788,,-0.5152375638190442,No,0.15275252316540475
Rural+Urban,2017,March,133.3,139.0,128.6,136.3,118.8,138.3,120.5,143.9,118.0,137.9,127.2,144.0,133.1,145.1,137.3,130.6,136.4,131.1,129.1,130.1,127.8,117.6,125.0,133.8,122.6,125.1,130.9,2017-03-01,0.2297090352220587,,-0.501639232438117,No,0.3000000000000501
Rural+Urban,2017,April,133.0,139.4,126.1,137.2,118.4,139.9,123.4,140.9,118.5,136.5,127.4,144.2,133.5,145.4,138.0,131.1,137.0,131.7,129.8,130.4,128.1,116.6,125.1,134.5,123.1,125.1,131.1,2017-04-01,0.1527883880825031,,-0.49257367818416653,No,0.25166114784230503
Rural+Urban,2017,May,132.9,141.6,126.3,137.7,118.1,137.9,125.6,138.3,119.4,136.0,127.6,144.5,133.7,146.2,138.2,131.4,137.2,132.1,129.4,130.9,128.4,116.7,125.7,134.8,123.0,125.3,131.4,2017-05-01,0.2288329519450904,,-0.47897534680323944,No,0.25166114784218835
Rural+Urban,2017,June,133.3,145.5,128.1,138.1,118.2,139.2,133.3,136.2,119.6,135.3,127.8,144.9,135.2,146.5,138.5,131.7,137.5,131.4,128.8,131.2,128.5,116.5,125.9,135.4,123.4,125.5,132.0,2017-06-01,0.4566210045662044,,-0.4517786840413866,No,0.45825756949539725
Rural+Urban,2017,July,133.6,145.7,129.6,138.5,118.1,141.8,159.5,133.6,120.5,135.2,128.5,145.8,139.0,148.2,139.3,132.1,138.3,132.6,129.4,131.9,129.4,116.0,126.6,136.8,123.6,125.9,134.2,2017-07-01,1.6666666666666607,,-0.35205758724792563,No,1.4742229591662417
Rural+Urban,2017,August,134.3,143.4,129.3,139.0,118.1,145.5,168.6,132.7,121.2,135.6,128.7,146.8,140.6,149.8,140.3,133.0,139.3,134.4,129.8,132.8,130.2,117.3,127.3,137.6,124.5,126.8,135.4,2017-08-01,0.8941877794336861,,-0.2976642617242186,No,1.7243356208501086
Rural+Urban,2017,September,134.7,142.4,130.2,139.6,118.4,143.0,156.6,132.9,121.5,135.6,128.8,147.3,139.0,150.8,141.1,133.4,140.0,135.7,131.0,133.3,130.6,118.3,127.9,137.4,125.7,127.5,135.2,2017-09-01,-0.1477104874446189,,-0.3067298159781704,No,0.642910050732017
Rural+Urban,2017,October,135.3,142.2,131.2,140.6,119.0,141.5,162.6,132.3,121.8,136.3,128.7,148.1,140.1,151.6,142.0,134.1,140.8,137.3,132.2,133.6,131.3,117.8,128.4,137.9,126.2,127.7,136.1,2017-10-01,0.6656804733727872,,-0.26593482183539047,No,0.47258156262392387
Rural+Urban,2017,November,135.7,142.4,142.9,140.8,119.2,142.2,173.8,131.2,123.0,136.8,129.2,148.9,142.1,153.2,143.0,134.8,141.8,138.6,135.3,134.4,132.6,118.3,128.9,138.6,126.8,128.4,137.6,2017-11-01,1.102130786186617,,-0.19794316493075764,No,1.212435565297622
Rural+Urban,2017,December,135.8,143.3,145.2,141.0,120.5,141.5,161.7,129.1,121.5,137.1,128.8,149.0,140.5,154.2,143.1,135.1,142.0,139.1,136.6,134.7,133.1,118.5,129.0,138.5,126.5,128.6,137.2,2017-12-01,-0.2906976744186051,,-0.21607427343865998,No,0.7767453465143772
Rural+Urban,2018,January,136.0,144.2,143.7,141.1,120.7,141.3,151.6,127.3,118.8,137.5,129.0,149.5,139.2,154.7,143.5,135.5,142.3,140.4,136.6,134.9,133.3,119.3,129.7,139.0,127.3,129.1,136.9,2018-01-01,-0.218658892128265,,-0.2296726048195858,No,0.3511884584260806
Rural+Urban,2018,February,135.9,143.5,140.3,140.9,120.4,142.9,140.5,125.8,117.1,137.3,128.6,149.6,137.6,154.9,143.8,135.6,142.6,141.3,136.7,135.2,133.8,120.2,129.9,139.0,127.7,129.6,136.4,2018-02-01,-0.365230094959823,,-0.2523364904544634,No,0.40414518843082503
Rural+Urban,2018,March,136.2,143.6,138.3,141.2,120.7,146.2,134.6,124.6,116.1,137.8,129.1,150.4,137.2,156.3,144.3,136.2,143.1,142,136.5,135.6,134.3,121.0,130.4,139.8,128.2,130.3,136.5,2018-03-01,0.0733137829912022,,-0.24780371332748813,No,0.2645751311036765
Rural+Urban,2018,April,136.4,144.4,133.9,141.6,121.0,153.5,132.6,123.5,113.7,138.2,129.6,151.2,137.5,156.9,145.3,136.7,144.0,142.9,136.5,136.6,135.2,121.9,131.3,141.4,129.2,131.3,137.1,2018-04-01,0.439560439560438,,-0.22060705056563526,No,0.3785938897180401
Rural+Urban,2018,May,136.6,146.6,133.6,142.1,121.0,154.6,135.6,122.3,109.6,138.1,129.9,151.7,138.1,157.9,146.0,137.4,144.7,143.2,136.9,137.4,136.0,122.9,131.8,142.1,129.9,132.1,137.8,2018-05-01,0.510576221735981,,-0.18887761067680583,No,0.6506407098635171
Rural+Urban,2018,June,136.9,148.7,135.6,142.3,121.3,153.2,143.7,121.4,111.1,138.4,130.3,151.8,139.4,158.3,146.4,138.1,145.2,142.5,138.1,137.9,136.2,123.7,132.6,142.8,130.1,132.6,138.5,2018-06-01,0.5079825834542806,,-0.1571481707879777,No,0.6999999999986862
Rural+Urban,2018,July,137.5,149.1,139.2,142.5,121.4,151.6,155.9,121.7,113.5,138.9,130.3,152.3,141.4,157.5,146.8,138.4,145.6,143.6,139.7,138.6,137.0,123.6,133.1,144.7,130.1,133.2,139.8,2018-07-01,0.9386281588447788,,-0.09822206813729539,No,1.014889156508189
Rural+Urban,2018,August,138.3,148.0,138.1,142.6,122.2,150.6,156.6,122.4,114.7,139.4,131.1,153.0,141.7,157.9,147.3,138.8,146.1,144.6,140.9,139.4,137.7,124.3,133.6,146.0,130.1,133.9,140.4,2018-08-01,0.4291845493562096,,-0.07102540537544252,No,0.9712534856210244
Rural+Urban,2018,September,138.6,145.8,135.1,142.9,122.1,145.4,150.0,121.4,113.7,139.5,130.8,153.8,140.4,159.2,147.7,139.1,146.5,145.3,142.3,139.7,138.4,126.0,134.5,146.2,130.9,134.7,140.2,2018-09-01,-0.1424501424501567,,-0.08009095962939435,No,0.3055050463262463
Rural+Urban,2018,October,137.4,149.5,137.3,141.9,121.1,142.5,146.7,119.1,111.9,141.0,133.6,154.5,139.7,162.6,148.0,139.2,146.8,146.9,145.3,142.2,142.1,125.5,136.5,147.8,132.0,136.3,140.8,2018-10-01,0.4279600570613606,,-0.05289429686754018,No,0.3055050463260874
Rural+Urban,2018,November,137.4,149.2,137.1,141.8,121.1,142.8,146.7,119.1,111.9,140.9,133.5,154.5,139.7,162.6,148.0,139.1,146.7,146.9,145.1,142.2,142.1,125.5,136.5,147.8,132.0,136.3,140.8,2018-11-01,0.0,,-0.05289429686754018,No,0.3464101615099217
Rural+Urban,2018,December,137.5,150.5,138.8,142.1,122.0,139.4,135.2,119.8,110.3,140.6,133.8,154.6,138.2,163.0,148.1,139.4,146.8,146.5,142.7,143.2,144.9,123.6,136.8,150.1,132.2,136.8,140.1,2018-12-01,-0.497159090909105,,-0.0846237367563696,No,0.40414518842944697
Rural+Urban,2019,January,137.1,151.4,140.2,142.1,121.8,135.4,131.3,120.3,109.1,139.4,133.3,154.6,137.4,163.2,147.6,139.0,146.4,147.7,139.5,143.6,145.1,123.3,136.7,150.2,132.8,136.9,139.6,2019-01-01,-0.356887937187722,,-0.10728762239124721,No,0.6027713773320703
Rural+Urban,2019,February,137.6,152.0,141.5,142.2,122.0,136.4,129.7,121.0,109.0,139.7,133.6,154.9,137.5,163.4,147.7,139.7,146.5,148.5,138.4,143.7,145.6,123.9,137.1,150.3,134.1,137.4,139.9,2019-02-01,0.2148997134670649,,-0.09368929101032013,No,0.25166114783748494
Rural+Urban,2019,March,137.8,153.0,140.3,142.3,122.0,137.6,132.6,121.8,109.0,139.5,133.7,155.2,138.1,163.5,147.9,139.9,146.7,149,139.7,143.8,146.2,124.6,137.7,150.3,133.4,137.7,140.4,2019-03-01,0.3573981415296634,,-0.07102540537544252,No,0.4041451884296767
Rural+Urban,2019,May,138.3,158.5,136.0,142.5,122.0,146.5,143.0,124.9,109.9,139.9,134.0,155.5,140.9,164.1,148.4,140.4,147.3,150.1,140.3,143.7,146.9,124.9,139.2,151.6,133.4,138.2,142.0,2019-05-01,1.139601139601143,,0.0014990286561655654,No,1.0969655114590535
Rural+Urban,2019,June,138.7,162.1,137.8,143.3,122.2,146.8,150.5,128.3,111.0,140.6,134.2,155.9,142.7,164.9,148.6,140.4,147.4,149.4,141.2,143.8,147.4,124.6,139.6,152.5,134.3,138.6,142.9,2019-06-01,0.6338028169014187,,0.042294022798945514,No,1.2662279942136527
Rural+Urban,2019,July,139.3,162.7,140.0,144.0,122.5,150.3,160.3,130.0,111.1,141.7,134.7,156.2,144.7,165.2,148.9,140.5,147.6,150.6,139.3,144.2,147.9,125.6,140.5,154.0,135.7,139.5,144.2,2019-07-01,0.9097270818754222,,0.10122012544962652,No,1.106044001534262
Rural+Urban,2019,August,140.1,160.6,138.5,144.7,122.9,149.4,167.4,130.9,112.0,142.6,134.9,156.6,145.9,165.8,149.1,140.6,147.9,151.6,138.5,144.5,148.5,125.8,140.9,154.9,138.4,140.2,145.0,2019-08-01,0.554785020804438,,0.1374823424654312,No,1.0598742063705358
Rural+Urban,2019,September,140.9,160.8,139.6,145.4,123.5,146.6,173.2,131.6,113.2,144.1,135.0,156.8,147.0,166.5,149.2,140.6,147.9,152.2,139.2,144.6,149.0,126.1,141.3,155.2,139.7,140.7,145.8,2019-09-01,0.5517241379310533,,0.1737445594812359,No,0.7999999999974604
Rural+Urban,2019,October,141.8,161.0,142.6,146.2,123.9,148.0,188.4,132.5,114.0,145.4,135.1,157.1,149.6,167.1,149.4,140.8,148.2,153,140.6,145.0,149.4,126.3,141.7,155.4,140.0,141.0,147.2,2019-10-01,0.9602194787379892,,0.23720343925889217,No,1.1135528725640114
Rural+Urban,2019,November,142.5,163.2,145.6,146.7,124.3,147.4,199.6,135.7,114.2,147.0,135.3,157.5,151.9,167.9,149.9,141.0,148.6,153.5,142.3,145.3,149.9,126.6,142.1,155.5,140.3,141.3,148.6,2019-11-01,0.9510869565217516,,0.3006623190365497,No,1.3999999999982693
Rural+Urban,2019,December,143.5,165.0,151.1,148.3,125.7,145.7,217.0,138.3,114.0,148.7,135.8,158.0,155.0,168.5,150.3,141.3,149.0,152.8,143.7,145.8,150.4,129.8,142.3,155.7,140.4,142.5,150.4,2019-12-01,1.211305518169592,,0.38225230732210963,No,1.604161255400485
Rural+Urban,2020,January,144.3,167.4,154.9,150.1,129.9,143.2,197.0,140.4,114.1,150.9,136.1,158.6,153.5,169.2,150.5,141.5,149.2,153.9,144.6,146.2,151.2,130.9,142.8,156.1,142.3,143.4,150.2,2020-01-01,-0.1329787234042645,,0.3731867530681578,No,0.9865765724603995
Rural+Urban,2020,February,144.8,167.5,151.8,150.8,131.4,141.8,170.7,141.1,113.6,152.0,136.5,159.1,150.5,170.1,150.8,141.7,149.5,154.8,147.2,146.4,151.7,130.3,143.2,156.2,143.4,143.6,149.1,2020-02-01,-0.7323568575232975,,0.32332620467142736,No,0.6999999999959414
Rural+Urban,2020,March,145.1,167.0,148.1,151.5,131.2,142.5,157.3,141.1,113.2,153.2,136.7,159.6,148.9,171.2,151.2,141.9,149.8,154.5,148.9,146.4,152.3,129.9,143.7,156.1,145.2,143.8,148.6,2020-03-01,-0.3353454057679395,,0.3006623190365497,No,0.818535277183881
Rural+Urban,2020,April,148.7,,148.8,155.6,135.1,149.9,168.6,150.4,120.3,157.1,136.8,,151.4,,,,,155.6,144.1,,150.7,,,,,,,2020-04-01,0.0,,,No,
Rural+Urban,2020,May,,,,,,,,,,,,,,,,,,,,,,,,,,,,2020-05-01,0.0,,,No,
Rural+Urban,2020,June,149.6,192.7,151.4,153.3,136.3,147.2,156.5,150.9,114.2,159.5,139.4,161.8,154.0,183.5,152.5,144.4,151.4,154.7,141.9,146.4,154.4,135.0,148.3,156.4,151.6,147.0,151.8,2020-06-01,2.1534320323014944,,0.4457111870997672,No,
Rural+Urban,2020,July,149.6,192.7,151.4,153.3,136.3,147.2,156.5,150.9,114.2,159.5,139.4,161.8,154.0,183.5,152.5,144.4,151.4,154.7,141.9,146.4,154.4,135.0,148.3,156.4,151.6,147.0,151.8,2020-07-01,0.0,,0.4457111870997672,No,
Rural+Urban,2020,August,148.9,190.9,150.8,153.3,137.4,150.4,178.1,150.4,115.1,160.0,140.6,162.3,157.0,182.6,153.1,143.4,151.7,155.5,143.0,148.4,155.0,138.5,146.0,158.5,154.3,149.0,153.9,2020-08-01,1.383399209486158,,0.5408995067662529,No,1.2124355652982148
Rural+Urban,2020,September,148.4,187.1,152.5,153.6,138.2,150.9,186.7,149.8,116.4,160.3,142.2,162.9,158.0,184.4,153.4,144.3,152.0,156.3,142.9,148.7,155.6,139.6,146.6,157.5,158.4,150.0,154.7,2020-09-01,0.5198180636777128,,0.5771617237820563,No,1.4977761292440641
Rural+Urban,2020,October,147.5,188.9,161.4,153.6,140.1,151.2,209.2,150.9,116.2,161.0,144.0,163.2,161.4,184.3,153.7,144.6,152.3,156.5,143.1,148.7,156.3,140.6,146.5,158.5,157.0,150.4,156.4,2020-10-01,1.0989010989011172,,0.654218934940641,No,1.2767145334803751
Rural+Urban,2020,November,146.8,191.0,173.6,153.8,142.7,148.4,230.0,156.8,115.7,161.8,146.5,163.8,164.7,184.8,154.3,144.9,152.8,158,143.6,149.2,157.2,140.4,148.4,158.6,156.9,150.7,158.4,2020-11-01,1.278772378516635,,0.7448744774801513,No,1.8520259177452179
Rural+Urban,2020,December,146.0,191.0,175.3,154.1,146.6,147.7,230.5,160.2,115.3,163.0,149.2,164.8,165.4,185.4,155.0,145.4,153.6,158.4,144.6,149.7,158.3,140.7,148.5,159.4,157.1,151.2,158.9,2020-12-01,0.3156565656565746,,0.767538363115029,No,1.3228756555322898
Rural+Urban,2021,January,144.9,190.1,175.3,154.1,150.9,149.6,194.2,160.4,114.6,164.0,151.8,165.6,161.0,186.5,155.5,146.1,154.2,157.7,147.9,150.0,159.3,141.9,149.6,159.2,156.8,151.9,157.3,2021-01-01,-1.0069225928256764,,0.6950139290834209,No,0.8185352771872368
Rural+Urban,2021,February,144.3,186.5,168.7,154.7,158.7,150.7,160.0,158.8,112.8,164.2,155.5,167.5,156.9,188.3,157.2,147.4,155.8,159.8,152.4,150.9,161.3,145.1,151.5,159.5,155.8,153.4,156.6,2021-02-01,-0.445009535918639,,0.6632844891945915,No,1.1789826122551703
Rural+Urban,2021,March,144.1,192.2,163.8,154.9,163.9,153.7,149.5,159.8,112.6,163.5,156.5,168.2,156.7,188.1,157.8,147.9,156.4,159.9,155.5,151.2,161.7,146.2,152.6,160.2,153.8,153.8,156.8,2021-03-01,0.1277139208173849,,0.6723500434485433,No,0.360555127546498
Rural+Urban,2021,April,144.3,198.0,164.6,155.4,170.1,164.4,144.1,161.7,113.1,163.9,157.6,168.9,158.0,188.8,158.8,148.5,157.3,161.4,155.6,151.8,162.3,146.6,153.2,160.3,155.4,154.4,157.8,2021-04-01,0.6377551020408267,,0.7176778147182985,No,0.6429100507329144
Rural+Urban,2021,May,146.3,200.5,170.3,156.1,178.7,167.1,147.9,165.4,114.8,168.2,159.3,170.4,160.7,191.9,161.8,152.1,160.4,161.6,159.4,154.7,165.8,148.9,155.8,161.2,158.6,156.8,160.4,2021-05-01,1.6476552598225558,,0.8355300200196618,No,1.8583146486355029
Rural+Urban,2021,June,146.7,202.0,180.7,156.2,183.7,164.6,155.4,166.0,115.1,168.5,160.0,172.4,162.6,190.8,162.2,151.8,160.7,160.5,159.8,154.8,166.3,150.7,154.9,161.7,158.8,157.6,161.3,2021-06-01,0.5610972568578676,,0.8763250141624418,No,1.8175074506953672
Rural+Urban,2021,July,146.4,206.8,182.2,157.5,182.1,163.9,164.2,164.0,114.5,168.3,160.9,172.2,164.0,191.2,162.8,153.1,161.4,161.5,160.7,155.8,167.0,153.1,155.3,163.2,160.1,159.0,162.5,2021-07-01,0.7439553626782391,,0.9307183396861475,No,1.0535653752851326
Rural+Urban,2021,August,146.6,204.0,172.8,158.4,188.0,156.8,162.2,164.1,119.7,168.8,162.7,173.9,164.0,192.1,164.5,155.3,163.2,162.1,162.6,157.5,168.4,154.0,157.6,163.8,160.0,160.0,163.2,2021-08-01,0.4307692307692345,,0.9624477795749756,No,0.9609023536931143
Rural+Urban,2021,September,146.6,204.0,172.8,158.4,188.0,156.7,162.3,164.1,119.7,168.8,162.7,173.9,164.0,192.1,164.6,155.3,163.3,162.1,162.6,157.5,168.4,154.0,157.7,163.7,160.0,160.0,163.2,2021-09-01,0.0,,0.9624477795749756,No,0.40414518843227143
Rural+Urban,2021,October,147.4,204.6,171.2,158.7,190.6,155.7,185.3,165.2,121.9,169.3,163.2,174.7,167.7,192.7,165.7,156.3,164.3,163.6,164.2,158.4,169.1,155.7,158.6,163.9,160.8,161.0,165.5,2021-10-01,1.4093137254902022,,1.0667016534954132,No,1.3279056191360004
Rural+Urban,2021,November,148.2,201.6,173.0,159.3,190.1,156.5,199.2,165.3,122.4,169.6,163.7,175.5,169.7,192.9,167.2,157.4,165.8,164.2,163.9,159.3,169.9,154.8,159.8,164.3,162.2,161.4,166.7,2021-11-01,0.7250755287008914,,1.121094979019119,No,1.7785762095937523
Rural+Urban,2021,December,148.7,198.8,177.9,159.9,187.6,154.9,188.3,164.4,121.0,170.5,164.2,176.5,168.2,192.4,168.5,158.7,167.0,163.4,164.1,160.2,170.6,155.7,160.6,164.4,162.6,162.0,166.2,2021-12-01,-0.2999400119976014,,1.0984310933842414,No,0.6027713773337257
Rural+Urban,2022,January,149.5,198.7,178.8,160.5,184.7,153.7,174.3,163.9,120.0,172.1,164.3,177.3,166.4,192.2,169.9,160.7,168.5,164.5,164.2,161.1,171.4,156.5,161.2,164.7,163.0,162.7,165.7,2022-01-01,-0.300842358604092,,1.0757672077493636,No,0.4999999999994639
Rural+Urban,2022,February,150.0,200.6,175.8,160.7,184.9,153.7,169.7,163.7,118.9,174.3,164.7,178.0,166.2,192.8,170.8,162.4,169.6,165.5,165.7,161.8,172.2,156.9,162.1,165.4,164.4,163.5,166.1,2022-02-01,0.2414001207000637,,1.093898316257266,No,0.2645751311054832
Rural+Urban,2022,March,151.3,210.7,167.8,162.2,194.6,157.6,166.9,163.9,118.8,177.4,165.3,179.3,168.4,193.7,172.1,164.6,171.1,165.3,167.2,162.8,173.0,157.9,163.3,166.0,167.2,164.6,167.7,2022-03-01,0.9632751354605728,,1.1664227502888742,No,1.0583005244255674
Rural+Urban,2022,April,152.9,211.8,164.5,163.9,199.5,172.6,166.2,164.7,119.0,181.3,166.2,180.9,170.8,193.9,173.9,166.5,172.8,167,172.2,164.0,174.0,162.6,164.4,166.9,168.8,166.8,170.1,2022-04-01,1.4311270125223707,,1.275209401336287,No,2.01328918273869
Rural+Urban,2022,May,154.1,217.0,162.4,164.9,202.4,171.0,174.9,164.7,119.7,184.9,167.1,182.5,173.3,194.1,175.6,168.4,174.6,167.5,174.6,165.2,174.8,163.0,165.1,167.9,168.4,167.5,171.7,2022-05-01,0.9406231628453776,,1.347733835367895,No,2.0132891827386503
Rural+Urban,2022,June,155.0,219.4,170.8,165.8,200.9,169.7,182.3,164.3,119.9,187.1,167.9,183.9,174.9,194.3,177.1,169.9,176.0,166.8,176.0,166.4,175.4,161.1,165.8,169.0,169.4,167.5,172.6,2022-06-01,0.5241700640652436,,1.388528829510675,No,1.2662279942144417
Rural+Urban,2022,July,156.5,213.0,175.2,166.6,195.8,174.2,182.1,164.3,120.0,190.0,168.4,185.2,175.0,194.6,178.3,171.3,177.3,167.8,179.6,167.4,176.1,161.6,166.3,171.4,169.7,168.4,173.4,2022-07-01,0.4634994206257348,,1.4247910465264797,No,0.8504900548108957
Rural+Urban,2022,August,160.3,206.5,169.2,168.1,192.4,172.9,186.7,167.2,120.9,193.6,168.8,186.3,176.3,195.0,179.5,172.7,178.5,169,178.8,168.5,176.8,161.9,166.9,172.3,171.2,169.1,174.3,2022-08-01,0.519031141868509,,1.4655860406692596,No,0.8504900548108449
Rural+Urban,2022,September,163.5,209.2,169.7,169.7,188.7,165.7,191.8,169.1,121.6,197.3,169.4,187.4,177.8,195.9,180.9,174.3,179.9,169.5,179.5,169.5,177.8,162.3,167.6,173.1,170.9,169.7,175.3,2022-09-01,0.5737234652897216,,1.5109138119390149,No,0.9504384952915513
Rural+Urban,2022,October,165.2,210.9,170.9,170.9,186.5,163.8,199.7,169.8,121.9,199.9,169.9,188.3,179.6,196.3,181.9,175.3,181.0,171.2,180.5,170.4,178.7,162.9,168.2,173.4,172.1,170.5,176.7,2022-10-01,0.7986309184255358,,1.574372691716671,No,1.2055427546677575
Rural+Urban,2022,November,167.4,209.4,181.4,172.3,188.9,160.7,183.1,170.5,122.1,202.8,170.4,189.5,178.3,196.9,183.1,176.2,182.1,171.8,181.3,171.4,179.8,163.0,168.5,173.7,173.6,171.1,176.5,2022-11-01,-0.1131861912846532,,1.5653071374627205,No,0.7571877794390636
Rural+Urban,2022,December,169.2,209.0,190.2,173.6,188.5,158.0,159.9,170.8,121.8,205.2,171.0,190.3,175.9,197.3,184.0,177.0,183.0,170.7,182.0,172.1,181.1,163.4,168.9,174.1,175.8,172.0,175.7,2022-12-01,-0.4532577903682777,,1.5290449204469159,No,0.5291502622115234
Rural+Urban,2023,January,173.8,210.7,194.5,174.6,187.2,158.3,153.9,170.9,121.1,208.4,171.4,191.2,176.7,198.2,184.9,177.6,183.8,172.1,182.0,172.9,182.3,163.6,169.5,174.3,178.6,172.8,176.5,2023-01-01,0.4553215708594349,,1.5653071374627205,No,0.46188021535011814
Rural+Urban,2023,February,174.4,207.7,175.2,177.3,179.3,169.5,152.7,171.0,120.0,209.7,172.3,193.0,177.0,199.5,186.2,178.7,185.1,173.5,182.1,174.2,184.4,164.2,170.3,175.0,181.0,174.1,177.2,2023-02-01,0.396600566572225,,1.5970365773515487,No,0.7505553499455047
Rural+Urban,2023,March,174.4,207.7,175.2,177.3,179.2,169.5,152.8,171.1,120.0,209.7,172.3,193.0,177.0,199.5,186.1,178.7,185.1,173.5,181.9,174.2,184.4,164.2,170.3,175.0,181.0,174.1,177.2,2023-03-01,0.0,,1.5970365773515487,No,0.4041451884307431
Rural+Urban,2023,April,173.8,209.3,169.6,178.4,174.9,176.3,155.4,173.4,121.3,212.9,172.9,193.5,177.9,200.6,186.9,179.2,185.7,175.2,181.7,174.6,185.0,164.5,170.7,176.4,184.0,175.0,178.1,2023-04-01,0.5079006772009009,,1.6378315714943286,No,0.5196152422690106
Rural+Urban,2023,May,173.7,214.3,173.2,179.5,170.0,172.2,161.0,175.6,122.7,218.0,173.4,194.2,179.1,201.0,187.3,179.7,186.2,175.6,182.8,175.2,185.7,164.8,171.2,177.1,185.2,175.7,179.1,2023-05-01,0.5614823133071267,,1.6831593427640839,No,0.9504384952912517
Rural+Urban,2023,June,174.8,222.6,182.8,180.0,164.4,172.0,181.1,181.7,123.5,223.1,174.0,194.8,183.1,201.5,188.0,180.2,186.8,174.4,182.9,175.7,186.3,165.1,171.8,179.1,184.7,176.2,181.0,2023-06-01,1.06085985482971,,1.769282108176619,No,1.4730919862649248
Rural+Urban,2023,July,176.9,217.8,181.9,180.5,162.9,179.6,250.2,186.2,124.5,231.2,174.5,195.3,193.5,202.1,188.4,180.7,187.3,175.3,186.2,176.1,187.0,165.6,172.5,180.9,184.8,176.9,186.3,2023-07-01,2.9281767955801064,,2.009519295906322,No,3.7313983080516553
Rural+Urban,2023,August,179.3,214.1,176.5,181.2,162.9,179.8,235.4,189.0,125.5,238.5,175.0,196.2,192.5,203.0,188.9,181.0,187.7,176.4,186.5,176.6,187.7,165.9,172.9,181.7,185.1,177.4,186.2,2023-08-01,-0.0536768652710795,,2.0049865187793454,No,3.0315012782442974
Rural+Urban,2023,September,181.4,217.7,180.7,181.5,162.2,177.8,198.4,196.7,127.2,242.9,175.4,196.7,189.0,203.5,189.3,181.4,188.1,176.2,179.3,176.8,188.3,166.0,173.3,182.2,185.5,177.8,184.1,2023-09-01,-1.1278195488721776,,1.9097981991128599,No,1.2423096769042334
Rural+Urban,2023,October,182.9,217.8,186.8,181.9,160.9,179.1,205.3,201.8,128.6,245.3,175.9,197.2,190.9,203.9,190.0,181.6,188.8,177.7,179.8,177.1,189.2,166.1,173.7,182.2,185.6,178.1,185.3,2023-10-01,0.6518196632265161,,1.9641915246365669,No,1.0535653752836796
Rural+Urban,2023,November,184.6,214.0,192.1,182.2,160.4,178.4,215.5,205.1,130.1,246.4,176.5,197.5,192.6,204.4,190.5,182.0,189.2,177.9,179.9,177.4,189.7,166.4,173.8,182.4,187.2,178.6,186.3,2023-11-01,0.5396654074473872,,2.009519295906322,No,1.1015141094557062
Urban,2013,January,110.5,109.1,113.0,103.6,103.4,102.3,102.9,105.8,105.1,101.8,105.1,107.9,105.9,105.2,105.9,105.0,105.8,100.3,105.4,104.8,104.1,103.2,102.9,103.5,104.3,103.7,104.0,2013-01-01,,,-1.6467878346464446,No,
Urban,2013,February,112.9,112.9,116.9,104.0,103.5,103.1,104.9,104.1,103.8,102.3,106.0,109.0,107.2,106.0,106.6,105.5,106.4,100.4,105.7,105.2,104.7,104.4,103.3,103.7,104.3,104.3,104.7,2013-02-01,0.6730769230769207,,-1.6150759581856735,No,
Urban,2013,March,113.9,111.4,113.2,104.3,102.7,104.9,103.8,103.5,102.6,102.4,107.0,109.8,107.3,106.8,107.2,106.0,107.0,100.4,106.0,105.7,105.2,105.5,103.5,103.8,104.2,104.9,105.0,2013-03-01,0.2865329512893977,,-1.6014851539882002,No,0.5131601439446942
Urban,2013,April,114.6,113.4,106.0,104.7,102.1,109.5,109.7,104.6,102.0,103.5,108.2,110.6,108.8,108.5,107.9,106.4,107.7,100.5,106.4,106.5,105.7,105.0,104.0,105.2,103.2,105.1,105.7,2013-04-01,0.6666666666666599,,-1.5697732775274291,No,0.513160143944704
Urban,2013,May,115.4,114.2,102.7,105.5,101.5,110.6,123.7,105.2,101.9,105.0,109.1,111.3,111.1,109.8,108.5,106.7,108.3,100.5,107.2,107.1,106.2,103.9,104.6,105.7,102.6,104.9,106.6,2013-05-01,0.8514664143803197,,-1.5290008649350098,No,0.8020806277010757
Urban,2013,June,117.0,120.1,112.5,107.3,101.3,112.4,143.6,105.4,101.4,106.4,110.0,112.2,115.0,110.9,109.2,107.2,108.9,106.6,108.0,107.7,106.5,105.2,105.2,108.1,103.3,106.1,109.7,2013-06-01,2.908067542213888,,-1.388562554894452,No,2.0984120980716194
Urban,2013,July,117.8,119.2,114.0,108.3,101.1,113.2,160.9,105.1,101.3,107.5,110.4,113.1,117.5,111.7,109.8,107.8,109.5,107.7,108.6,108.1,107.1,107.3,105.9,110.1,103.2,107.3,111.4,2013-07-01,1.5496809480401108,,-1.3115479977754365,No,2.433789911502908
Urban,2013,August,118.3,120.4,112.7,108.9,101.1,108.7,177.0,104.7,101.0,108.5,110.9,114.3,119.6,112.4,110.6,108.3,110.2,108.9,109.3,108.7,107.6,108.1,106.5,110.8,106.0,108.3,112.7,2013-08-01,1.1669658886894083,,-1.252654512919719,No,1.5044378795195494
Urban,2013,September,118.6,119.1,113.2,109.6,101.7,103.2,174.3,105.1,100.8,109.1,111.1,115.4,119.2,112.9,111.4,109.0,111.1,109.7,109.5,109.6,107.9,110.4,107.4,111.2,106.9,109.4,113.2,2013-09-01,0.4436557231588312,,-1.2300031725905969,No,0.9291573243177152
Urban,2013,October,118.9,118.1,114.5,110.4,102.3,106.2,183.5,105.3,100.2,109.6,111.4,116.0,120.8,113.5,112.5,109.7,112.0,110.5,109.7,110.2,108.2,109.7,108.0,111.3,107.3,109.4,114.0,2013-10-01,0.7067137809187329,,-1.1937610280640016,No,0.6557438524301437
Urban,2013,November,119.8,116.3,122.6,112.0,103.2,110.0,192.8,106.3,99.5,110.3,111.8,117.1,122.9,114.1,113.5,110.3,113.0,111.1,110.0,110.9,108.6,109.5,108.5,111.3,107.9,109.6,115.0,2013-11-01,0.8771929824561431,,-1.1484583474057575,No,0.9018499505645436
Urban,2013,December,120.5,118.1,128.5,112.8,103.4,110.7,144.8,107.1,98.6,111.9,112.1,118.1,117.8,115.0,114.2,110.9,113.7,110.7,110.4,111.3,109.0,109.7,108.9,111.4,107.7,109.8,113.3,2013-12-01,-1.4782608695652175,,-1.2254729045247728,No,0.8544003745317188
Urban,2014,January,121.2,122.0,129.9,113.6,102.9,112.1,118.9,107.5,96.9,112.7,112.1,119.0,115.5,115.7,114.8,111.3,114.3,111.6,111.0,111.9,109.7,110.8,109.8,111.5,108.0,110.5,112.9,2014-01-01,-0.3530450132391838,,-1.2435939767880702,No,1.1150485789118187
Urban,2014,February,121.9,122.0,124.5,115.2,102.5,114.1,111.5,108.2,95.4,113.5,112.1,119.9,115.2,116.2,115.3,111.7,114.7,112.5,111.1,112.6,110.4,111.3,110.3,111.6,108.7,111.0,113.1,2014-02-01,0.1771479185119551,,-1.234533440656422,No,0.19999999999982634
Urban,2014,March,122.1,121.4,121.5,116.2,102.8,117.7,113.3,108.9,96.3,114.1,112.2,120.5,116.0,116.7,115.8,112.1,115.2,113.2,110.9,113.0,110.8,111.6,110.9,111.8,109.2,111.4,113.7,2014-03-01,0.5305039787798504,,-1.207351832261475,No,0.41633319989314455
Urban,2014,April,122.5,121.7,113.3,117.0,103.1,126.7,121.2,111.0,100.3,115.3,112.7,121.0,118.2,117.6,116.3,112.5,115.7,113.9,110.9,113.4,111.0,111.2,111.2,112.5,109.1,111.4,114.7,2014-04-01,0.8795074758135346,,-1.1620491516032305,No,0.8082903768654311
Urban,2014,May,122.7,124.1,114.2,119.1,103.5,129.2,127.0,112.6,101.3,117.0,112.9,121.7,120.0,118.3,116.8,112.9,116.2,114.3,111.1,114.1,111.2,111.3,111.5,112.9,109.3,111.7,115.6,2014-05-01,0.7846556233652935,,-1.1212767390108112,No,0.9504384952921604
Urban,2014,June,123.1,125.9,115.4,120.4,103.4,131.2,137.5,112.8,101.4,118.3,113.2,122.4,122.0,119.0,117.4,113.2,116.7,113.9,111.2,114.3,111.4,111.5,111.8,115.1,108.7,112.2,116.4,2014-06-01,0.6920415224913601,,-1.0850345944842152,No,0.8504900548114719
Urban,2014,July,123.8,126.4,118.0,121.6,103.5,133.7,172.4,113.1,102.7,120.0,113.8,123.4,127.1,121.0,118.0,113.6,117.4,114.8,111.6,114.9,111.5,113.0,112.4,117.8,109.7,113.5,118.9,2014-07-01,2.147766323024048,,-0.9717778928386044,No,1.7214335111566719
Urban,2014,August,124.8,127.3,116.5,122.2,103.6,132.7,181.9,115.2,102.7,122.1,114.4,124.7,128.9,123.0,118.6,114.1,117.9,115.5,111.8,115.3,112.2,112.5,112.9,119.2,110.5,113.9,119.9,2014-08-01,0.8410428931875602,,-0.9264752121803601,No,1.8027756377319302
Urban,2014,September,124.2,125.4,116.4,122.7,103.5,124.5,168.6,116.9,101.9,122.9,114.8,125.2,126.7,124.3,119.2,114.5,118.4,116.1,111.8,115.5,112.3,111.2,113.4,120.0,110.0,113.6,119.2,2014-09-01,-0.5838198498749003,,-0.9581870886411312,No,0.5131601439444173
Urban,2014,October,124.6,126.1,117.8,123.1,103.5,123.5,159.6,117.4,101.2,123.8,115.2,125.9,125.8,124.3,119.6,114.9,118.9,116.7,112.0,115.8,112.6,111.0,113.6,120.2,110.1,113.7,119.1,2014-10-01,-0.0838926174496768,,-0.9627173567069561,No,0.4358898943537474
Urban,2014,November,124.5,125.6,122.7,124.6,103.2,122.2,153.2,119.3,99.8,124.6,115.8,126.9,125.4,125.8,120.3,115.4,119.5,117.1,112.6,116.4,113.0,109.7,114.0,120.3,109.6,113.4,119.0,2014-11-01,-0.0839630562552429,,-0.9672476247727803,No,0.09999999999868465
Urban,2014,December,124.0,124.7,126.3,124.9,103.0,122.3,141.0,120.1,97.8,125.4,116.1,127.6,124.0,126.4,120.7,115.8,120.0,116.5,113.0,116.8,113.2,108.8,114.3,120.7,110.4,113.4,118.4,2014-12-01,-0.5042016806722671,,-0.9944292331677266,No,0.3785938897196927
Urban,2015,January,124.0,125.5,126.6,125.2,104.3,121.3,134.4,122.9,96.1,126.6,116.5,128.0,123.5,127.4,121.0,116.1,120.2,117.3,113.4,117.2,113.7,107.9,114.6,120.8,111.4,113.4,118.5,2015-01-01,0.0844594594594516,,-0.9898989651019025,No,0.32145502536607834
Urban,2015,February,124.3,126.5,119.5,125.6,104.9,121.6,131.8,125.1,95.0,127.7,116.8,128.6,123.7,128.1,121.3,116.5,120.6,118.1,114.0,117.7,114.1,106.8,114.9,120.4,111.7,113.2,118.7,2015-02-01,0.1687763713080103,,-0.9808384289702534,No,0.15275252316448834
Urban,2015,March,124.0,126.7,113.5,125.9,104.8,123.8,131.4,127.2,93.2,127.4,117.0,129.2,123.9,128.8,121.7,116.9,120.9,118.6,114.4,118.0,114.3,108.4,115.4,120.6,111.3,113.8,119.1,2015-03-01,0.3369839932603202,,-0.9627173567069561,No,0.30550504633000414
Urban,2015,April,123.8,128.2,110.0,126.3,104.5,130.6,130.8,131.3,91.6,127.7,117.2,129.5,124.6,130.1,122.1,117.2,121.3,119.2,114.7,118.4,114.6,108.4,115.6,121.7,111.8,114.2,119.7,2015-04-01,0.5037783375315019,,-0.9355357483120091,No,0.5033222956844582
Urban,2015,May,123.8,129.7,111.3,126.6,105.2,130.8,135.6,142.6,90.8,128.8,117.7,129.9,126.1,131.3,122.4,117.4,121.6,119.6,114.9,118.7,114.9,110.8,116.0,122.0,112.4,115.2,120.7,2015-05-01,0.8354218880534781,,-0.8902330676537649,No,0.8082903768652904
Urban,2015,June,123.6,134.4,120.9,127.3,106.0,132.3,146.7,148.1,89.8,130.5,118.0,130.5,128.5,132.1,123.2,117.6,122.3,119,115.1,119.2,115.4,111.7,116.2,123.8,112.5,116.0,121.7,2015-06-01,0.8285004142501995,,-0.8449303869955206,No,0.9999999999998112
Urban,2015,July,123.2,134.3,119.5,127.7,106.3,132.8,153.5,149.5,85.7,131.5,118.3,131.1,129.5,133.1,123.5,117.9,122.7,119.9,115.3,119.5,116.0,111.5,116.6,125.4,111.7,116.3,122.4,2015-07-01,0.5751848808545734,,-0.8132185105347495,No,0.8544003745314869
Urban,2015,August,123.1,131.7,118.1,128.0,106.8,130.1,165.5,156.0,85.3,132.7,118.8,131.7,131.1,134.2,123.7,118.2,122.9,120.9,115.3,120.0,116.6,109.9,117.2,126.2,112.0,116.2,123.2,2015-08-01,0.6535947712418277,,-0.7769763660081541,No,0.7505553499461555
Urban,2015,September,123.4,129.0,115.6,128.3,107.0,124.0,168.5,165.4,86.3,134.4,119.1,132.3,131.5,134.7,124.0,118.6,123.2,121.6,115.1,120.4,117.1,109.1,117.3,126.5,112.9,116.2,123.5,2015-09-01,0.2435064935064845,,-0.763385561810681,No,0.5686240703072176
Urban,2015,October,123.6,128.6,115.9,128.5,109.0,124.1,165.8,187.2,89.4,135.8,119.4,132.9,132.6,135.3,124.4,118.8,123.6,122.4,114.9,120.7,117.7,109.3,117.7,126.5,113.5,116.5,124.2,2015-10-01,0.5668016194332104,,-0.7316736853499098,No,0.5131601439440815
Urban,2015,November,124.0,129.8,121.5,128.6,110.0,123.7,164.6,191.6,90.8,137.1,119.8,133.7,133.3,137.6,125.0,119.3,124.2,122.9,115.1,121.0,118.1,109.3,117.9,126.6,113.3,116.6,124.6,2015-11-01,0.3220611916264104,,-0.7135526130866126,No,0.5567764362824226
Urban,2015,December,124.3,131.7,127.1,128.6,110.0,120.8,149.0,190.1,92.7,138.6,120.2,134.2,131.5,138.2,125.4,119.5,124.5,122.4,116.0,121.0,118.6,109.3,118.1,126.6,113.2,116.7,124.0,2015-12-01,-0.4815409309791296,,-0.7407342214815589,No,0.3055050463293248
Urban,2016,January,124.7,135.9,132.0,129.2,109.7,119.0,144.1,184.2,96.7,139.5,120.5,134.7,131.2,139.5,125.8,119.8,124.9,123.4,116.9,121.6,119.1,108.9,118.5,126.4,114.0,116.8,124.2,2016-01-01,0.1612903225806539,,-0.7316736853499098,No,0.3055050463293248
Urban,2016,February,124.8,135.1,130.3,129.6,108.4,118.6,129.2,176.4,99.1,139.7,120.6,135.2,129.1,140.0,126.2,120.1,125.3,124.4,116.0,121.8,119.5,109.1,118.8,126.3,116.2,117.2,123.8,2016-02-01,-0.3220611916264104,,-0.7497947576132078,No,0.19999999999837723
Urban,2016,March,124.8,136.3,123.7,129.7,107.9,119.9,128.1,170.3,101.8,140.1,120.7,135.4,128.9,140.6,126.4,120.3,125.5,124.9,114.8,122.3,119.7,108.5,119.1,126.4,117.1,117.3,123.8,2016-03-01,0.0,,-0.7497947576132078,No,0.23094010767444678
Urban,2016,April,124.9,139.3,119.9,130.2,108.9,131.1,136.8,176.9,109.1,140.4,121.1,135.9,131.8,141.5,126.8,120.5,125.8,125.6,114.6,122.8,120.0,110.0,119.5,127.6,117.6,118.2,125.3,2016-04-01,1.2116316639741551,,-0.6818407366258414,No,0.8660254037840549
Urban,2016,May,125.0,142.1,127.0,130.4,109.6,133.5,151.4,182.8,111.1,141.5,121.5,136.3,134.6,142.2,127.2,120.7,126.2,126,115.0,123.2,120.3,110.7,119.8,128.0,118.5,118.7,126.6,2016-05-01,1.037509976057449,,-0.622947251770124,No,1.4011899704653332
Urban,2016,June,125.9,143.9,130.9,131.0,110.2,135.5,173.7,184.4,112.0,142.8,121.6,136.9,138.2,142.7,127.6,121.1,126.6,125.5,115.5,123.2,120.6,112.3,119.9,129.3,118.8,119.6,128.1,2016-06-01,1.1848341232227444,,-0.5549932307827575,No,1.4011899704653241
Urban,2016,July,126.8,144.2,136.6,131.8,111.0,137.0,179.5,188.4,113.3,143.9,121.7,137.5,139.8,142.9,127.9,121.1,126.9,126.4,115.5,123.5,120.9,111.7,120.3,130.8,120.0,119.9,129.0,2016-07-01,0.7025761124121788,,-0.5142208181903374,No,1.212435565297908
Urban,2016,August,127.6,140.3,133.7,132.2,111.8,135.8,163.5,182.3,114.6,144.6,121.9,138.1,137.6,143.6,128.3,121.4,127.3,127.3,114.7,123.9,121.2,110.4,120.6,131.5,120.9,119.9,128.4,2016-08-01,-0.465116279069766,,-0.5414024265852837,No,0.4582575694947496
Urban,2016,September,128.1,137.7,130.6,132.6,111.9,132.5,152.9,173.6,115.1,144.8,122.1,138.8,135.7,143.9,128.7,121.6,127.7,127.9,114.8,124.3,121.4,111.8,120.8,131.6,121.2,120.5,128.0,2016-09-01,-0.3115264797507788,,-0.5595234988485817,No,0.5033222956839544
Urban,2016,October,128.7,138.4,130.3,132.7,112.5,130.4,155.1,175.7,115.4,145.3,122.5,139.6,136.3,144.3,129.1,121.9,128.0,128.7,115.2,124.5,121.8,112.8,121.2,131.9,120.8,120.9,128.6,2016-10-01,0.4687499999999955,,-0.5323418904536353,No,0.3055050463291354
Urban,2016,November,130.2,138.5,134.1,132.9,112.6,130.8,142.0,174.9,115.6,145.4,122.7,140.3,135.2,144.3,129.6,122.1,128.5,129.1,116.2,124.7,122.1,113.4,121.7,132.1,121.3,121.3,128.5,2016-11-01,-0.0777604976671786,,-0.5368721585194596,No,0.3214550253652435
Urban,2016,December,131.6,138.2,134.9,133.1,113.5,129.3,121.1,170.3,115.5,145.5,123.1,140.9,132.8,145.0,130.0,122.2,128.8,128.5,117.8,125.0,122.3,113.7,121.8,132.3,119.9,121.4,127.6,2016-12-01,-0.7003891050583744,,-0.5776445711118796,No,0.5507570547279025
Urban,2017,January,132.2,138.9,132.6,133.1,114.0,129.6,118.7,155.1,117.3,144.9,123.2,141.6,132.0,145.6,130.2,122.3,129.0,129.6,118.0,125.1,122.6,115.2,122.0,132.4,120.9,122.1,127.8,2017-01-01,0.1567398119122209,,-0.5685840349802307,No,0.4725815626244109
Urban,2017,February,132.8,139.8,129.3,133.5,114.3,131.4,120.2,143.1,119.5,144.0,123.4,141.9,132.1,146.3,130.5,122.5,129.3,130.5,119.2,125.3,122.9,115.5,122.2,132.4,121.7,122.4,128.2,2017-02-01,0.3129890453833939,,-0.5504629627169334,No,0.30550504632905734
Urban,2017,March,132.7,139.4,128.4,134.9,114.0,136.8,122.2,135.8,120.3,142.6,123.6,142.4,132.6,147.5,130.8,122.8,129.6,131.1,120.8,125.6,123.1,115.6,122.4,132.8,121.7,122.6,128.7,2017-03-01,0.3900156006240163,,-0.5278116223878112,No,0.4509249752814246
Urban,2017,April,132.7,140.6,124.5,136.3,113.5,137.7,127.1,133.8,120.8,141.3,123.8,142.6,133.4,148.0,131.2,123.0,130.0,131.7,121.4,126.0,123.4,114.3,122.6,133.6,122.2,122.5,129.1,2017-04-01,0.3108003108003077,,-0.5096905501245133,No,0.4509249752814809
Urban,2017,May,132.6,144.1,125.6,136.8,113.4,135.2,129.2,131.5,121.0,139.9,123.8,142.9,133.6,148.3,131.5,123.2,130.2,132.1,120.1,126.5,123.6,114.3,122.8,133.8,122.0,122.6,129.3,2017-05-01,0.1549186676994773,,-0.5006300139928636,No,0.3055050463292536
Urban,2017,June,132.9,148.7,128.3,137.3,113.5,137.2,142.2,128.2,120.9,138.8,124.2,143.1,135.7,148.6,131.5,123.2,130.2,131.4,119.0,126.8,123.8,113.9,122.9,134.3,122.5,122.7,129.9,2017-06-01,0.4640371229698292,,-0.4734484055979173,No,0.41633319989243
Urban,2017,July,132.8,148.4,129.4,137.7,113.4,139.4,175.1,124.7,121.5,137.8,124.4,143.7,139.8,150.5,131.6,123.7,130.4,132.6,119.7,127.2,125.0,113.2,123.5,135.5,122.4,123.0,131.8,2017-07-01,1.4626635873749017,,-0.3873733123472529,No,1.3051181300299013
Urban,2017,August,133.2,143.9,128.3,138.3,114.1,142.7,179.8,123.5,122.1,137.5,124.6,144.5,140.5,152.1,132.7,124.3,131.4,134.4,118.9,127.7,125.7,114.6,124.1,135.7,123.3,123.8,132.7,2017-08-01,0.6828528072837514,,-0.34660089975483405,No,1.429452109492592
Urban,2017,September,133.6,143.0,129.7,138.7,114.5,137.5,160.7,124.5,122.4,137.3,124.8,145.0,138.0,153.6,133.3,124.6,132.0,135.7,120.6,128.1,126.1,115.7,124.5,135.9,124.4,124.5,132.4,2017-09-01,-0.2260738507912418,,-0.3601917039523066,No,0.4582575694951278
Urban,2017,October,133.9,142.8,131.4,139.1,114.9,135.6,173.2,124.1,122.6,137.8,125.1,145.5,139.7,154.6,134.0,124.9,132.6,137.3,122.6,128.3,126.6,115.0,124.8,136.3,124.6,124.5,133.5,2017-10-01,0.8308157099697899,,-0.31035875522823814,No,0.5686240703074437
Urban,2017,November,134.3,142.1,146.7,139.5,115.2,136.4,185.2,122.2,123.9,138.3,125.4,146.0,141.5,156.2,135.0,125.4,133.5,138.6,125.7,128.8,127.4,115.3,125.1,136.6,124.9,124.9,134.8,2017-11-01,0.9737827715355918,,-0.25146527037252003,No,1.2013880860625776
Urban,2017,December,134.4,142.6,145.9,139.5,115.9,135.0,163.2,119.8,120.7,139.7,125.7,146.3,138.8,157.0,135.6,125.6,134.0,139.1,126.8,129.3,128.2,115.3,125.6,136.7,124.6,125.1,134.1,2017-12-01,-0.5192878338279083,,-0.2831771468332918,No,0.6506407098646442
Urban,2018,January,134.6,143.7,143.6,139.6,116.4,133.8,150.5,118.4,117.3,140.5,125.9,146.8,137.2,157.7,136.0,125.9,134.4,140.4,127.3,129.5,129.0,116.3,126.2,137.1,125.5,125.8,134.1,2018-01-01,0.0,,-0.2831771468332918,No,0.4041451884325633
Urban,2018,February,134.8,143.0,139.9,139.9,116.2,135.5,136.9,117.0,115.4,140.7,125.9,147.1,135.6,159.3,136.3,126.1,134.7,141.3,127.3,129.9,129.8,117.4,126.5,137.2,126.2,126.5,134.0,2018-02-01,-0.0745712155108102,,-0.287707414899116,No,0.05773502691730223
Urban,2018,March,135.0,143.1,135.5,139.9,116.5,138.5,128.0,115.5,114.2,140.7,126.2,147.6,134.8,159.7,136.7,126.7,135.2,142,126.4,130.8,130.5,117.8,126.8,137.8,126.7,127.1,134.0,2018-03-01,0.0,,-0.287707414899116,No,0.0577350269172489
Urban,2018,April,135.0,144.3,130.8,140.3,116.6,150.1,127.6,114.0,110.6,140.2,126.5,148.3,135.7,159.2,137.8,127.4,136.2,142.9,124.6,131.8,131.3,118.9,127.6,139.7,127.6,128.2,134.8,2018-04-01,0.5970149253731405,,-0.25146527037252003,No,0.46188021535153234
Urban,2018,May,135.0,148.2,130.5,140.7,116.4,151.3,131.4,112.8,105.3,139.6,126.6,148.7,136.4,160.3,138.6,127.9,137.0,143.2,124.7,132.5,132.0,119.8,128.0,140.4,128.1,128.9,135.4,2018-05-01,0.4451038575667532,,-0.2242836619775737,No,0.7023769168567895
Urban,2018,June,135.3,149.7,133.9,140.8,116.6,152.2,144.0,112.3,108.4,140.0,126.7,149.0,138.4,161.0,138.9,128.7,137.4,142.5,126.5,133.1,132.6,120.4,128.5,141.2,128.2,129.5,136.2,2018-06-01,0.5908419497784312,,-0.18804151745097908,No,0.7023769168568526
Urban,2018,July,135.6,148.6,139.1,141.0,116.7,149.7,159.2,112.6,111.8,140.3,126.8,149.4,140.3,161.4,139.6,128.9,137.9,143.6,128.1,133.6,133.6,120.1,129.0,144.0,128.2,130.2,137.5,2018-07-01,0.9544787077826912,,-0.12914803259526098,No,1.059874206372404
Urban,2018,August,136.5,146.4,136.6,141.2,117.4,146.3,157.3,113.6,113.3,141.1,127.4,150.4,140.1,162.1,140.0,129.0,138.3,144.6,129.8,134.4,134.9,120.7,129.8,145.3,128.3,131.0,138.0,2018-08-01,0.363636363636366,,-0.10649669226613884,No,0.9291573243179758
Urban,2018,September,137.0,143.1,132.8,141.5,117.8,140.0,151.3,113.5,112.3,141.2,127.7,151.3,138.9,163.3,140.8,129.3,139.1,145.3,131.2,134.9,135.7,122.5,130.2,145.2,129.3,131.9,138.1,2018-09-01,0.0724637681159379,,-0.10196642420031467,No,0.3214550253672568
Urban,2018,October,137.6,144.9,133.5,141.5,118.0,139.5,153.0,113.2,112.8,141.1,127.6,152.0,139.4,164.0,141.5,129.8,139.7,146.3,133.4,135.1,136.2,123.3,130.7,145.5,130.4,132.5,138.9,2018-10-01,0.5792903692976248,,-0.06572427967371873,No,0.4932882862322691
Urban,2018,November,138.1,146.3,137.8,141.6,118.1,141.5,145.2,115.3,112.5,141.4,128.0,152.6,139.1,164.4,142.4,130.2,140.5,146.9,136.7,135.8,136.8,121.2,131.3,146.1,130.5,132.2,139.0,2018-11-01,0.0719942404607598,,-0.061194011607894554,No,0.4932882862323435
Urban,2018,December,138.5,147.8,141.1,141.6,118.1,138.5,132.4,117.5,111.0,141.5,128.1,152.9,137.6,164.6,142.7,130.3,140.8,146.5,132.4,136.2,137.3,118.8,131.7,146.5,130.8,131.7,138.0,2018-12-01,-0.7194244604316502,,-0.10649669226613884,No,0.5507570547292452
Urban,2019,January,138.3,149.4,143.5,141.7,118.1,135.2,130.5,118.2,110.4,140.4,128.1,153.2,137.3,164.7,143.0,130.4,141.1,147.7,128.6,136.3,137.8,118.6,131.9,146.6,131.7,131.8,138.0,2019-01-01,0.0,,-0.10649669226613884,No,0.5773502691901727
Urban,2019,February,139.4,150.1,145.3,141.7,118.4,137.0,131.6,119.9,110.4,140.8,128.3,153.5,138.0,164.9,143.3,130.8,141.4,148.5,127.1,136.6,138.5,119.2,132.2,146.6,133.0,132.4,138.6,2019-02-01,0.4347826086956496,,-0.07931508387119253,No,0.346410161514636
Urban,2019,March,139.7,151.1,142.9,141.9,118.4,139.4,141.2,120.7,110.4,140.7,128.5,153.9,139.6,165.3,143.5,131.2,141.6,149,128.8,136.8,139.2,119.9,133.0,146.7,132.5,132.8,139.5,2019-03-01,0.6493506493506551,,-0.03854267127877241,No,0.7549834435275375
Urban,2019,May,140.4,156.7,138.3,142.4,118.6,149.7,161.6,124.4,111.2,141.0,128.9,154.5,143.8,166.2,144.0,131.7,142.2,150.1,129.4,137.2,139.8,120.1,134.0,148.0,132.6,133.3,141.5,2019-05-01,1.4336917562723928,,0.05206269003771616,No,1.4843629385478074
Urban,2019,June,140.7,159.6,140.4,143.4,118.6,150.9,169.8,127.4,111.8,141.0,129.0,155.1,145.6,166.7,144.3,131.7,142.4,149.4,130.5,137.4,140.3,119.6,134.3,148.9,133.7,133.6,142.1,2019-06-01,0.4240282685512353,,0.07924429843266248,No,1.361371857111253
Urban,2019,July,141.4,160.2,142.5,144.1,119.3,154.7,180.1,128.9,111.8,141.6,129.5,155.6,147.7,167.2,144.7,131.9,142.7,150.6,127.0,137.7,140.8,120.6,135.0,150.4,135.1,134.5,143.3,2019-07-01,0.8444757213230236,,0.1336075152225564,No,0.9165151389920102
Urban,2019,August,142.1,158.3,140.8,144.9,119.9,153.9,189.1,129.8,112.7,142.5,129.8,156.2,149.1,167.9,145.0,132.2,143.0,151.6,125.5,138.1,141.5,120.8,135.4,151.5,137.8,135.3,144.2,2019-08-01,0.6280530355896596,,0.17437992781497522,No,1.0535653752861087
Urban,2019,September,142.7,158.7,141.6,144.9,120.8,149.8,192.4,130.3,114.0,143.8,130.0,156.4,149.5,168.6,145.3,132.2,143.3,152.2,126.6,138.3,141.9,121.2,135.9,151.6,139.0,135.7,144.7,2019-09-01,0.3467406380027737,,0.19703126814409735,No,0.7094598884611593
Urban,2019,October,143.5,159.8,144.7,145.6,121.1,150.6,207.2,131.2,114.8,145.2,130.2,156.8,151.9,169.3,145.9,132.4,143.9,153,128.9,138.7,142.4,121.5,136.2,151.7,139.5,136.0,146.0,2019-10-01,0.8984105044920643,,0.25592475299981543,No,0.929157324318955
Urban,2019,November,144.1,162.4,148.4,145.9,121.5,148.8,215.7,134.6,115.0,146.3,130.5,157.2,153.6,169.9,146.3,132.6,144.2,153.5,132.2,139.1,142.8,121.7,136.7,151.8,139.8,136.3,147.0,2019-11-01,0.6849315068493178,,0.3012274336580597,No,1.1532562594681377
Urban,2019,December,144.9,164.5,153.7,147.5,122.7,147.2,231.5,137.2,114.7,148.0,130.8,157.7,156.3,170.4,146.8,132.8,144.6,152.8,133.6,139.8,143.2,125.2,136.8,151.9,140.2,137.7,148.3,2019-12-01,0.8843537414966018,,0.3601209185137778,No,1.1532562594682523
Urban,2020,January,145.6,167.6,157.0,149.3,126.3,144.4,207.8,139.1,114.8,149.5,131.1,158.5,154.4,170.8,147.0,133.2,144.9,153.9,135.1,140.1,143.8,126.1,137.2,152.1,142.1,138.4,148.2,2020-01-01,-0.067430883344588,,0.35559065044795235,No,0.7234178138089744
Urban,2020,February,146.2,167.6,153.1,150.7,127.4,143.1,181.7,139.6,114.6,150.4,131.5,159.0,151.7,172.0,147.3,133.5,145.2,154.8,138.9,140.4,144.4,125.2,137.7,152.2,143.5,138.4,147.7,2020-02-01,-0.3373819163292824,,0.3329393101188302,No,0.32145502537088316
Urban,2020,March,146.5,167.5,148.9,151.1,127.5,143.3,167.0,139.7,114.4,151.5,131.9,159.1,150.1,173.3,147.7,133.8,145.6,154.5,141.4,140.8,145.0,124.6,137.9,152.5,145.3,138.7,147.3,2020-03-01,-0.2708192281651866,,0.31481823785553353,No,0.4509249752854057
Urban,2020,April,151.8,,151.9,155.5,131.6,152.9,180.0,150.8,121.2,154.0,133.5,,153.5,,,,,155.6,137.1,,144.8,,,,,,,2020-04-01,0.0,,,No,
Urban,2020,May,,,,,,,,,,,,,,,,,,,,,,,,,,,,2020-05-01,0.0,,,No,
Urban,2020,June,152.7,197.0,154.6,153.4,132.9,151.8,171.2,152.0,116.3,158.8,135.6,161.7,157.0,186.7,149.1,136.6,147.2,154.7,137.1,140.4,148.1,129.3,144.5,152.5,152.2,142.0,150.8,2020-06-01,2.3761031907671315,,0.4733776201593885,No,
Urban,2020,July,152.7,197.0,154.6,153.4,132.9,151.8,171.2,152.0,116.3,158.8,135.6,161.7,157.0,186.7,149.1,136.6,147.2,154.7,137.1,140.4,148.1,129.3,144.5,152.5,152.2,142.0,150.8,2020-07-01,0.0,,0.4733776201593885,No,
Urban,2020,August,151.6,197.8,154.5,153.4,133.4,154.5,191.9,151.3,116.8,160.0,136.5,163.3,159.9,187.2,150.0,135.2,147.8,155.5,138.3,144.5,148.7,133.9,141.2,155.5,155.2,144.8,152.9,2020-08-01,1.392572944297088,,0.5685132495417012,No,1.2124355652982148
Urban,2020,September,151.5,193.1,157.3,153.9,134.4,155.4,202.0,150.8,118.9,160.9,137.7,164.4,161.3,188.7,150.2,136.3,148.1,156.3,137.2,145.4,150.0,135.1,141.8,154.9,159.8,146.0,154.0,2020-09-01,0.7194244604316502,,0.6183461982657698,No,1.6258331197676332
Urban,2020,October,150.6,193.7,164.8,153.7,135.7,155.7,226.0,152.2,118.1,161.3,139.2,164.8,164.4,188.7,150.5,136.1,148.3,156.5,137.1,145.1,151.0,135.4,142.0,155.7,158.1,146.2,155.2,2020-10-01,0.7792207792207684,,0.6727094150556624,No,1.1503622617825164
Urban,2020,November,149.7,195.5,176.9,153.9,138.0,150.5,245.3,158.7,117.2,161.4,141.5,165.1,167.0,188.8,151.1,136.4,148.8,158,137.3,145.1,152.0,135.2,144.4,156.4,157.9,146.6,156.7,2020-11-01,0.9664948453608212,,0.7406634360430288,No,1.3527749258468935
Urban,2020,December,149.0,195.7,178.3,154.2,140.7,149.7,240.9,161.5,117.1,161.9,143.3,166.1,167.0,190.2,151.9,136.7,149.6,158.4,137.9,145.5,152.9,135.5,144.3,156.9,157.9,146.9,156.9,2020-12-01,0.127632418634338,,0.7497239721746785,No,0.9291573243178148
Urban,2021,January,148.0,194.8,178.4,154.4,144.1,152.6,206.8,162.1,116.3,163.0,145.9,167.2,163.4,191.8,152.5,137.3,150.2,157.7,142.9,145.7,154.1,136.9,145.4,156.1,157.7,147.6,156.0,2021-01-01,-0.5736137667304075,,0.7089515595822583,No,0.4725815626253755
Urban,2021,February,147.6,191.2,169.9,155.1,151.4,154.0,180.2,159.8,114.9,162.5,149.2,169.4,160.8,193.3,154.2,138.2,151.8,159.8,149.1,146.5,156.3,140.5,147.3,156.6,156.7,149.3,156.5,2021-02-01,0.3205128205128194,,0.7316028999113804,No,0.45092497528241104
Urban,2021,March,147.5,197.5,164.7,155.6,156.4,157.3,166.1,161.1,114.3,162.6,150.7,170.3,160.4,193.5,155.1,138.7,152.6,159.9,154.8,147.2,156.9,141.7,148.6,157.6,154.9,150.0,156.9,2021-03-01,0.2555910543130979,,0.7497239721746785,No,0.45092497528241104
Urban,2021,April,147.6,202.5,166.4,156.0,161.4,168.8,161.6,162.8,114.8,162.8,151.5,171.4,162.0,194.4,155.9,139.3,153.4,161.4,154.9,147.6,157.5,142.1,149.1,157.6,156.6,150.5,158.0,2021-04-01,0.7010834926704845,,0.7995569208987469,No,0.7767453465154812
Urban,2021,May,148.8,204.3,173.0,156.5,168.8,172.5,166.5,165.9,115.9,165.2,152.0,171.1,164.2,198.2,156.5,140.2,154.1,161.6,155.5,150.1,160.4,145.0,152.6,156.6,157.5,152.3,159.5,2021-05-01,0.9493670886076,,0.8675109418861133,No,1.3051181300301815
Urban,2021,June,149.2,205.5,182.8,156.5,172.2,171.5,176.2,166.9,116.1,165.5,152.3,173.3,166.2,195.6,157.3,140.5,154.8,160.5,156.1,149.8,160.8,147.5,150.7,158.1,158.0,153.4,160.4,2021-06-01,0.5642633228840177,,0.9082833544785334,No,1.2124355652982794
Urban,2021,July,149.1,210.9,185.0,158.2,170.6,170.9,186.4,164.7,115.7,165.5,153.4,173.5,167.9,195.5,157.9,141.9,155.5,161.5,157.7,150.7,161.5,149.5,151.2,160.3,159.6,155.0,161.8,2021-07-01,0.8728179551122262,,0.9717071074000757,No,1.1590225767142994
Urban,2021,August,149.3,207.4,174.1,159.2,175.0,161.3,183.3,164.5,120.4,166.2,154.8,175.1,167.3,196.5,159.8,143.6,157.3,162.1,160.7,153.2,162.8,150.4,153.7,160.4,159.6,156.0,162.3,2021-08-01,0.3090234857849205,,0.9943584477291978,No,0.984885780179648
Urban,2021,September,149.3,207.4,174.1,159.1,175.0,161.2,183.5,164.5,120.4,166.2,154.8,175.1,167.3,196.5,159.8,143.6,157.4,162.1,160.8,153.3,162.8,150.5,153.9,160.3,159.6,156.0,162.3,2021-09-01,0.0,,0.9943584477291978,No,0.2886751345948698
Urban,2021,October,150.1,208.4,173.0,159.2,176.6,159.3,214.4,165.3,122.5,166.8,155.4,175.9,171.5,197.0,160.8,144.4,158.3,163.6,162.2,154.3,163.5,152.2,155.1,160.3,160.3,157.0,164.6,2021-10-01,1.41712877387552,,1.098554613243159,No,1.327905619136145
Urban,2021,November,151.0,204.9,175.4,159.6,175.8,160.3,229.1,165.1,123.1,167.2,156.1,176.8,173.5,197.0,162.3,145.3,159.7,164.2,161.6,155.2,164.2,151.2,156.7,160.8,161.8,157.3,165.6,2021-11-01,0.6075334143377908,,1.1438572939014031,No,1.6921386861996195
Urban,2021,December,151.6,202.2,180.0,160.0,173.5,158.3,219.5,164.2,121.9,168.2,156.5,178.2,172.2,196.8,163.3,146.7,160.7,163.4,161.7,156.0,165.1,151.8,157.6,160.6,162.4,157.8,165.2,2021-12-01,-0.2415458937198078,,1.1257362216381053,No,0.5033222956848302
Urban,2022,January,152.2,202.1,180.1,160.4,171.0,156.5,203.6,163.8,121.3,169.8,156.6,179.0,170.3,196.4,164.7,148.5,162.2,164.5,161.6,156.8,166.1,152.7,158.4,161.0,162.8,158.6,165.0,2022-01-01,-0.1210653753026536,,1.1166756855064568,No,0.30550504633059067
Urban,2022,February,152.5,205.2,176.4,160.6,171.5,156.4,198.0,163.2,120.6,172.2,156.7,180.0,170.2,196.5,165.7,150.4,163.4,165.5,163.0,157.4,167.2,153.1,159.5,162.0,164.2,159.4,165.5,2022-02-01,0.3030303030302939,,1.139327025835579,No,0.25166114784259824
Urban,2022,March,153.7,215.8,167.7,162.6,180.0,159.6,188.4,163.4,120.3,174.7,157.1,181.5,171.5,197.5,167.1,152.6,164.9,165.3,164.5,158.6,168.2,154.2,160.8,162.7,166.8,160.6,166.5,2022-03-01,0.6042296072507503,,1.1846297064938234,No,0.7637626158260843
Urban,2022,April,155.4,215.8,164.6,164.2,186.0,175.9,190.7,164.0,120.5,178.0,157.5,183.3,174.5,197.1,168.4,154.5,166.3,167,170.5,159.8,169.0,159.3,162.2,164.0,168.4,163.1,169.2,2022-04-01,1.621621621621605,,1.3069469442710824,No,1.913983629327488
Urban,2022,May,156.7,221.2,164.1,165.4,189.5,174.5,203.2,164.1,121.2,181.4,158.5,184.9,177.5,197.5,170.0,155.9,167.8,167.5,173.5,161.1,170.1,159.4,163.2,165.2,168.2,163.8,170.8,2022-05-01,0.9456264775413948,,1.3794312333242742,No,2.173323108360507
Urban,2022,June,157.5,223.4,172.8,166.4,188.6,174.1,211.5,163.6,121.4,183.5,159.1,186.3,179.3,198.3,171.6,157.4,169.4,166.8,174.9,162.1,170.9,157.2,164.1,166.5,169.2,163.8,171.4,2022-06-01,0.3512880562060783,,1.4066128417192205,No,1.1372481406157064
Urban,2022,July,159.3,217.1,176.6,167.1,184.8,179.5,208.5,164.0,121.5,186.3,159.8,187.7,179.4,198.6,172.7,158.7,170.6,167.8,179.5,163.1,171.7,157.4,164.6,169.1,169.8,164.7,172.3,2022-07-01,0.5250875145857758,,1.4473852543116406,No,0.7549834435274849
Urban,2022,August,162.1,210.9,170.6,168.4,182.5,177.1,213.1,167.3,122.2,189.7,160.5,188.9,180.4,198.7,173.7,160.0,171.6,169,178.4,164.2,172.6,157.7,165.1,169.9,171.4,165.4,173.1,2022-08-01,0.4643064422518828,,1.4836273988382354,No,0.8504900548119343
Urban,2022,September,164.9,213.7,170.9,170.1,179.3,167.5,220.8,169.2,123.1,193.6,161.1,190.4,181.8,199.7,175.0,161.7,173.0,169.5,179.2,165.0,173.8,158.2,165.8,170.9,171.1,166.1,174.1,2022-09-01,0.5777007510109788,,1.5289300794964795,No,0.9018499505649669
Urban,2022,October,166.4,214.9,171.9,171.0,177.7,165.7,228.6,169.9,123.4,196.4,161.6,191.5,183.3,200.1,175.5,162.6,173.6,171.2,180.0,166.0,174.7,158.8,166.3,171.2,172.3,166.8,175.3,2022-10-01,0.6892590465249926,,1.5832932962863735,No,1.1015141094575729
Urban,2022,November,168.4,213.4,183.2,172.3,180.0,162.6,205.5,171.0,123.4,198.8,162.1,192.4,181.3,200.6,176.7,163.5,174.7,171.8,180.3,166.9,175.8,158.9,166.7,171.5,173.8,167.4,174.1,2022-11-01,-0.68454078722191,,1.5289300794964795,No,0.6928203230281162
Urban,2022,December,170.2,212.9,191.9,173.9,179.1,159.5,178.7,171.3,123.1,200.5,162.8,193.3,178.6,201.1,177.7,164.5,175.7,170.7,180.6,167.3,177.2,159.4,167.1,171.8,176.0,168.2,174.1,2022-12-01,0.0,,1.5289300794964795,No,0.6928203230281162
Urban,2023,January,173.3,215.2,197.0,175.2,178.0,160.5,175.3,171.2,122.7,204.3,163.7,194.3,179.5,201.6,178.7,165.3,176.6,172.1,180.1,168.0,178.5,159.5,167.8,171.8,178.8,168.9,174.9,2023-01-01,0.4595060310166543,,1.5651722240230757,No,0.4618802153525363
Urban,2023,February,174.7,212.2,177.2,177.9,172.2,172.1,175.8,172.2,121.9,204.8,164.9,196.6,180.7,202.7,180.3,167.0,178.2,173.5,182.8,169.2,180.8,159.8,168.4,172.5,181.4,170.0,176.3,2023-02-01,0.8004574042310031,,1.6285959769446179,No,1.1135528725663595
Urban,2023,March,174.7,212.2,177.2,177.9,172.2,172.1,175.9,172.2,121.9,204.8,164.9,196.6,180.8,202.7,180.2,167.0,178.2,173.5,182.6,169.2,180.8,159.8,168.4,172.5,181.5,170.0,176.3,2023-03-01,0.0,,1.6285959769446179,No,0.8082903768659682
Urban,2023,April,174.8,213.7,172.4,178.8,168.7,179.2,179.9,174.7,123.1,207.8,165.5,197.0,182.1,203.5,181.0,167.7,178.9,175.2,182.1,169.6,181.5,160.1,168.8,174.2,184.4,170.9,177.4,2023-04-01,0.623936471922848,,1.6784289256686862,No,0.6350852961092031
Urban,2023,May,174.7,219.4,176.7,179.4,164.4,175.8,185.0,176.9,124.2,211.9,165.9,197.7,183.1,204.2,181.3,168.1,179.3,175.6,183.4,170.1,182.2,160.4,169.2,174.8,185.6,171.6,178.2,2023-05-01,0.4509582863585049,,1.714671070195281,No,0.9539392014173367
Urban,2023,June,175.7,226.6,185.4,179.8,159.7,177.8,210.8,183.2,124.9,216.8,166.7,198.4,187.6,204.6,182.0,168.5,179.9,174.4,184.7,170.4,182.8,160.8,169.8,177.1,185.2,172.2,179.9,2023-06-01,0.953984287317633,,1.791685627314297,No,1.2767145334806633
Urban,2023,July,177.8,222.0,184.8,180.3,158.7,186.7,295.3,187.9,125.8,224.6,167.3,199.2,199.4,205.2,182.2,169.0,180.2,175.3,187.4,170.8,183.5,161.1,170.5,178.9,185.4,172.9,184.7,2023-07-01,2.668148971650908,,2.0091384944738686,No,3.370954365359163
Urban,2023,August,179.8,219.7,180.1,181.1,159.0,186.2,272.3,191.5,127.0,231.4,167.7,200.0,197.6,206.7,182.8,169.7,180.8,176.4,187.4,171.3,184.3,161.2,170.8,179.8,185.7,173.4,184.5,2023-08-01,-0.1082837033026473,,2.0000779583422204,No,2.7153882472556163
Urban,2023,September,181.3,223.7,184.2,181.6,158.3,182.7,225.5,200.1,128.4,236.0,168.2,200.7,193.0,207.2,183.2,170.2,181.2,176.2,175.5,171.7,184.9,161.3,171.2,180.3,186.1,173.7,182.2,2023-09-01,-1.2466124661246636,,1.895881792828258,No,1.3892443989452068
Urban,2023,October,182.7,222.9,189.3,182.2,157.0,183.8,234.1,205.7,129.7,238.6,168.6,201.4,194.9,207.8,184.2,170.6,182.1,177.7,175.7,171.9,185.5,161.4,171.7,180.4,186.2,174.0,183.4,2023-10-01,0.658616904500553,,1.950245009618152,No,1.150362261782761
Urban,2023,November,184.2,219.6,194.8,182.3,156.7,182.7,246.0,209.3,130.9,239.7,169.0,201.8,196.6,208.5,184.5,171.0,182.4,177.9,175.8,172.3,186.2,161.7,171.8,180.4,187.9,174.4,184.2,2023-11-01,0.4362050163576825,,1.9864871541447466,No,1.0066445913697368
