Date,Sector,Year,Month,Cereals and products,Meat and fish,Egg,Milk and products,Oils and fats,Fruits,Vegetables,Pulses and products,Sugar and Confectionery,Spices,Non-alcoholic beverages,"Prepared meals, snacks, sweets etc.",Food and beverages,"Pan, tobacco and intoxicants",Clothing,Footwear,Clothing and footwear,Housing,Fuel and light,Household goods and services,Health,Transport and communication,Recreation and amusement,Education,Personal care and effects,Miscellaneous,General index,Monthly Growth Rate (%),Annual Growth Rate (%),Cereals and products Contribution (%),Meat and fish Contribution (%),Egg Contribution (%),Milk and products Contribution (%),Oils and fats Contribution (%),Fruits Contribution (%),Vegetables Contribution (%),Pulses and products Contribution (%),Sugar and Confectionery Contribution (%),Spices Contribution (%),Non-alcoholic beverages Contribution (%),"Prepared meals, snacks, sweets etc. Contribution (%)",Food and beverages Contribution (%),"Pan, tobacco and intoxicants Contribution (%)",Clothing Contribution (%),Footwear Contribution (%),Clothing and footwear Contribution (%),Housing Contribution (%),Fuel and light Contribution (%),Household goods and services Contribution (%),Health Contribution (%),Transport and communication Contribution (%),Recreation and amusement Contribution (%),Education Contribution (%),Personal care and effects Contribution (%),Miscellaneous Contribution (%)
2013-01-01,Rural,2013,January,107.5,106.3,108.1,104.9,106.1,103.9,101.9,106.1,106.8,103.1,104.8,106.7,105.5,105.1,106.5,105.8,106.4,,105.5,104.8,104.0,103.3,103.4,103.8,104.7,104.0,105.1,,,102.28353948620361,101.1417697431018,102.85442435775451,99.80970504281638,100.95147478591817,98.85823025689821,96.95528068506187,100.95147478591817,101.61750713606091,98.09705042816366,99.71455756422455,101.52235965746908,100.38058991436726,100.0,101.33206470028544,100.66603235014273,101.23691722169363,,100.38058991436726,99.71455756422455,98.95337773549001,98.2873453853473,98.38249286393912,98.76308277830638,99.61941008563274,98.95337773549001
2013-02-01,Rural,2013,February,109.2,108.7,110.2,105.4,106.7,104.0,102.4,105.9,105.7,103.1,105.1,107.7,106.3,105.6,107.1,106.3,107.0,,106.2,105.2,104.4,103.9,104.0,104.1,104.6,104.4,105.8,0.6660323501427312,,103.21361058601136,102.74102079395087,104.15879017013232,99.62192816635161,100.85066162570888,98.29867674858224,96.78638941398866,100.09451795841211,99.90548204158792,97.44801512287334,99.3383742911153,101.79584120982987,100.47258979206049,99.8109640831758,101.22873345935727,100.47258979206049,101.13421550094519,,100.37807183364839,99.43289224952741,98.67674858223063,98.20415879017014,98.29867674858224,98.39319470699432,98.86578449905483,98.67674858223063
2013-03-01,Rural,2013,March,110.2,108.8,109.9,105.6,106.2,105.7,101.4,105.7,105.0,103.3,105.6,108.2,106.6,106.5,107.6,106.8,107.5,,106.1,105.6,104.7,104.6,104.0,104.3,104.3,104.6,106.0,0.1890359168241984,,103.96226415094341,102.64150943396227,103.67924528301889,99.62264150943396,100.18867924528303,99.71698113207547,95.66037735849056,99.71698113207547,99.05660377358491,97.45283018867924,99.62264150943396,102.07547169811322,100.56603773584905,100.47169811320755,101.50943396226415,100.75471698113208,101.41509433962264,,100.09433962264151,99.62264150943396,98.77358490566039,98.67924528301886,98.11320754716981,98.39622641509433,98.39622641509433,98.67924528301886
2013-04-01,Rural,2013,April,110.2,109.5,106.9,106.3,105.7,108.3,103.4,105.7,104.2,103.2,106.5,108.8,107.1,107.1,108.1,107.4,108.0,,106.5,106.1,105.1,104.4,104.5,104.8,102.7,104.6,106.4,0.3773584905660376,,103.57142857142856,102.91353383458646,100.46992481203007,99.90601503759397,99.34210526315789,101.78571428571428,97.18045112781954,99.34210526315789,97.93233082706767,96.99248120300751,100.093984962406,102.25563909774435,100.6578947368421,100.6578947368421,101.59774436090225,100.93984962406014,101.50375939849623,,100.093984962406,99.71804511278194,98.77819548872179,98.1203007518797,98.21428571428571,98.49624060150374,96.52255639097744,98.30827067669172
2013-05-01,Rural,2013,May,110.9,109.8,105.9,107.5,105.3,108.1,107.3,106.1,103.7,104.0,107.4,109.9,108.1,108.1,108.8,107.9,108.6,,107.5,106.8,105.7,104.1,105.0,105.5,102.1,104.8,107.2,0.7518796992481258,,103.45149253731343,102.42537313432835,98.78731343283582,100.27985074626866,98.2276119402985,100.83955223880596,100.09328358208955,98.97388059701491,96.73507462686567,97.01492537313433,100.18656716417911,102.51865671641791,100.83955223880596,100.83955223880596,101.49253731343283,100.65298507462688,101.30597014925374,,100.27985074626866,99.62686567164178,98.6007462686567,97.10820895522387,97.94776119402985,98.41417910447761,95.24253731343283,97.76119402985074
2013-06-01,Rural,2013,June,112.3,112.1,108.1,108.3,105.9,109.2,118.0,106.8,104.1,105.4,108.2,111.0,110.6,109.0,109.7,108.8,109.5,,108.5,107.5,106.3,105.0,105.6,106.5,102.5,105.5,108.9,1.585820895522394,,103.12213039485766,102.93847566574838,99.26538108356289,99.44903581267216,97.2451790633609,100.2754820936639,108.356290174472,98.07162534435261,95.5922865013774,96.7860422405877,99.35720844811755,101.92837465564737,101.56106519742882,100.09182736455465,100.73461891643709,99.90817263544535,100.55096418732784,,99.63269054178144,98.71441689623506,97.61248852157942,96.41873278236915,96.96969696969695,97.7961432506887,94.1230486685032,96.87786960514234
2013-07-01,Rural,2013,July,113.4,114.9,110.5,109.3,106.2,110.3,129.2,107.1,104.3,106.4,109.1,112.1,113.1,109.8,110.5,109.5,110.3,,109.5,108.3,106.9,106.8,106.4,107.8,102.5,106.5,110.7,1.6528925619834656,,102.4390243902439,103.7940379403794,99.8193315266486,98.73532068654019,95.9349593495935,99.6386630532972,116.71183378500449,96.74796747967478,94.2186088527552,96.11562782294489,98.55465221318879,101.2646793134598,102.1680216802168,99.1869918699187,99.8193315266486,98.9159891598916,99.6386630532972,,98.9159891598916,97.8319783197832,96.56729900632341,96.4769647696477,96.11562782294489,97.38030713640468,92.5925925925926,96.2059620596206
2013-08-01,Rural,2013,August,114.3,115.4,111.1,110.0,106.4,110.8,138.9,107.4,104.1,106.9,109.7,112.6,114.9,110.7,111.3,110.2,111.1,,109.9,108.7,107.5,107.8,106.8,108.7,105.0,107.5,112.1,1.2646793134597931,,101.96253345227476,102.94380017841213,99.1079393398751,98.12667261373774,94.91525423728815,98.84032114183765,123.90722569134702,95.80731489741304,92.86351471900089,95.3612845673506,97.85905441570027,100.44603033006246,102.4977698483497,98.75111507582517,99.28635147190009,98.30508474576271,99.1079393398751,,98.03746654772526,96.96699375557539,95.89652096342552,96.16413916146298,95.2720785013381,96.96699375557539,93.6663693131133,95.89652096342552
2013-09-01,Rural,2013,September,115.4,115.7,111.7,111.0,107.4,110.9,154.0,108.1,104.2,107.9,110.4,114.0,117.8,111.7,112.7,111.4,112.5,,111.1,109.6,108.3,109.3,107.7,109.8,106.7,108.7,114.2,1.873327386262269,,101.05078809106831,101.31348511383538,97.8108581436077,97.19789842381786,94.04553415061297,97.11033274956218,134.85113835376532,94.6584938704028,91.24343257443083,94.48336252189142,96.67250437828372,99.82486865148861,103.15236427320488,97.8108581436077,98.68651488616462,97.54816112084063,98.51138353765324,,97.28546409807355,95.97197898423818,94.8336252189142,95.70928196147109,94.30823117338004,96.14711033274955,93.43257443082311,95.18388791593695
2013-10-01,Rural,2013,October,116.3,115.4,112.6,111.7,107.7,113.2,164.9,108.3,103.9,108.2,111.1,114.9,119.8,112.2,113.6,112.3,113.4,,111.6,110.4,108.9,109.3,108.3,110.2,107.5,109.1,115.5,1.138353765323985,,100.6926406926407,99.91341991341992,97.48917748917748,96.70995670995671,93.24675324675324,98.00865800865802,142.77056277056278,93.76623376623377,89.95670995670996,93.67965367965368,96.19047619047618,99.48051948051948,103.72294372294373,97.14285714285714,98.35497835497836,97.22943722943724,98.18181818181819,,96.62337662337663,95.5844155844156,94.28571428571429,94.63203463203463,93.76623376623377,95.41125541125541,93.07359307359307,94.45887445887445
2013-12-01,Rural,2013,December,118.4,115.9,120.4,113.8,109.5,115.5,145.7,109.5,102.9,109.8,112.1,116.8,118.7,113.6,115.8,114.0,115.5,,112.8,112.1,110.1,109.9,109.2,111.6,108.1,110.1,115.5,0.0,,102.5108225108225,100.34632034632037,104.24242424242425,98.52813852813853,94.8051948051948,100.0,126.14718614718615,94.8051948051948,89.0909090909091,95.06493506493506,97.05627705627705,101.12554112554113,102.77056277056278,98.35497835497836,100.25974025974025,98.7012987012987,100.0,,97.66233766233766,97.05627705627705,95.32467532467533,95.15151515151516,94.54545454545455,96.62337662337663,93.59307359307358,95.32467532467533
2014-01-01,Rural,2014,January,118.9,117.1,120.5,114.4,109.0,115.5,123.9,109.6,101.8,110.2,112.4,117.3,116.0,114.0,116.5,114.5,116.2,,113.0,112.6,110.6,110.5,109.6,111.8,108.3,110.6,114.2,-1.1255411255411183,,104.11558669001752,102.53940455341505,105.51663747810858,100.1751313485114,95.44658493870402,101.13835376532398,108.49387040280209,95.97197898423818,89.14185639229422,96.49737302977232,98.42381786339756,102.71453590192642,101.57618213660244,99.82486865148861,102.0140105078809,100.26269702276707,101.75131348511384,,98.9492119089317,98.59894921190893,96.84763572679509,96.7600700525394,95.97197898423818,97.89842381786339,94.8336252189142,96.84763572679509
2014-02-01,Rural,2014,February,119.4,117.7,121.2,115.0,109.0,116.6,116.0,109.8,101.1,110.4,112.9,117.8,115.3,114.2,117.1,114.5,116.7,,113.2,112.9,110.9,110.8,109.9,112.0,108.7,110.9,114.0,-0.1751313485113814,,104.73684210526318,103.24561403508771,106.3157894736842,100.87719298245614,95.6140350877193,102.28070175438594,101.75438596491229,96.3157894736842,88.68421052631578,96.84210526315789,99.03508771929825,103.33333333333331,101.14035087719297,100.17543859649123,102.71929824561403,100.43859649122805,102.36842105263158,,99.29824561403508,99.03508771929825,97.28070175438597,97.19298245614036,96.40350877192982,98.24561403508771,95.35087719298247,97.28070175438597
2014-03-01,Rural,2014,March,120.1,118.1,120.7,116.1,109.3,119.6,117.9,110.2,101.2,110.7,113.0,118.3,116.2,114.6,117.5,114.9,117.2,,113.4,113.4,111.4,111.2,110.2,112.4,108.9,111.3,114.6,0.5263157894736858,,104.79930191972078,103.0541012216405,105.32286212914485,101.30890052356021,95.37521815008726,104.3630017452007,102.87958115183247,96.16055846422339,88.30715532286214,96.59685863874347,98.60383944153578,103.22862129144852,101.39616055846423,100.0,102.53054101221642,100.26178010471205,102.26876090750436,,98.95287958115185,98.95287958115185,97.20767888307155,97.03315881326353,96.16055846422339,98.0802792321117,95.02617801047121,97.12041884816755
2014-04-01,Rural,2014,April,120.2,118.9,118.1,117.0,109.7,125.5,120.5,111.0,102.6,111.2,113.5,118.7,117.2,115.4,118.1,116.1,117.8,,113.4,113.7,111.8,111.2,110.5,113.0,108.9,111.5,115.4,0.6980802792321272,,104.15944540727902,103.03292894280762,102.33968804159443,101.38648180242633,95.06065857885615,108.75216637781628,104.41941074523396,96.18717504332756,88.90814558058925,96.36048526863085,98.3535528596187,102.85961871750433,101.55979202772963,100.0,102.33968804159443,100.60658578856152,102.0797227036395,,98.26689774696708,98.52686308492201,96.88041594454072,96.36048526863085,95.75389948006932,97.92027729636048,94.36741767764299,96.62045060658578
2014-05-01,Rural,2014,May,120.3,120.2,116.9,118.0,110.1,126.3,123.9,111.5,103.5,111.6,114.2,119.2,118.2,116.3,118.7,116.8,118.5,,113.4,114.1,112.1,111.4,110.9,113.1,108.9,111.8,116.0,0.5199306759098743,,103.70689655172414,103.62068965517241,100.77586206896552,101.72413793103448,94.91379310344827,108.87931034482759,106.8103448275862,96.12068965517241,89.22413793103449,96.20689655172413,98.44827586206897,102.75862068965517,101.89655172413794,100.25862068965516,102.32758620689654,100.6896551724138,102.15517241379311,,97.75862068965517,98.36206896551724,96.63793103448275,96.0344827586207,95.60344827586206,97.5,93.87931034482759,96.37931034482759
2014-06-01,Rural,2014,June,120.7,121.6,116.1,119.3,110.3,125.8,129.3,112.2,103.6,112.3,114.9,120.1,119.5,117.3,119.7,117.3,119.3,,114.4,114.9,112.8,112.2,111.4,114.3,108.0,112.3,117.0,0.8620689655172376,,103.16239316239317,103.93162393162392,99.23076923076923,101.96581196581195,94.27350427350427,107.52136752136752,110.51282051282053,95.8974358974359,88.54700854700855,95.98290598290598,98.2051282051282,102.64957264957263,102.13675213675214,100.25641025641025,102.30769230769229,100.25641025641025,101.96581196581195,,97.77777777777779,98.2051282051282,96.41025641025641,95.8974358974359,95.21367521367522,97.6923076923077,92.3076923076923,95.98290598290598
2014-07-01,Rural,2014,July,121.7,122.5,117.7,120.6,110.4,129.1,150.1,113.2,104.8,113.3,115.6,120.9,123.3,118.0,120.7,118.3,120.3,,115.3,115.4,113.4,113.2,111.8,115.5,108.8,113.1,119.5,2.136752136752129,,101.84100418410043,102.51046025104603,98.49372384937239,100.92050209205021,92.38493723849372,108.03347280334728,125.60669456066944,94.72803347280335,87.69874476987447,94.81171548117155,96.73640167364016,101.17154811715481,103.17991631799164,98.74476987447699,101.0041841004184,98.99581589958159,100.6694560669456,,96.48535564853556,96.56903765690376,94.89539748953976,94.72803347280335,93.55648535564853,96.65271966527197,91.0460251046025,94.64435146443513
2014-08-01,Rural,2014,August,121.8,122.8,117.8,121.9,110.6,129.7,161.1,114.1,105.1,114.6,115.8,121.7,125.3,118.8,120.9,118.8,120.7,,115.4,115.9,114.0,113.2,112.2,116.2,109.4,113.5,120.7,1.0041841004184038,,100.91135045567523,101.73985086992543,97.5973487986744,100.99420049710027,91.63214581607289,107.45650372825186,133.47141673570837,94.53189726594863,87.07539353769677,94.94614747307372,95.94034797017397,100.8285004142502,103.81110190555094,98.4258492129246,100.16570008285004,98.4258492129246,100.0,,95.60894780447391,96.023198011599,94.44904722452361,93.78624689312345,92.95774647887323,96.27174813587406,90.63794531897265,94.0347970173985
2014-09-01,Rural,2014,September,122.3,122.4,117.8,122.7,110.4,129.8,158.8,115.0,104.7,114.9,116.5,122.6,125.3,119.5,121.7,119.2,121.3,,115.8,116.7,114.5,112.8,112.6,116.6,109.1,113.7,120.9,0.1657000828500399,,101.15798180314309,101.24069478908189,97.43589743589743,101.48883374689825,91.3151364764268,107.36145574855254,131.3482216708023,95.11993382961124,86.60049627791562,95.03722084367246,96.36062861869313,101.40612076095945,103.63937138130686,98.84201819685691,100.66170388751034,98.59387923904053,100.33085194375518,,95.78163771712158,96.52605459057072,94.70636889991728,93.30024813895781,93.13482216708022,96.44334160463191,90.23986765922248,94.04466501240695
2014-10-01,Rural,2014,October,122.6,122.5,118.3,123.2,110.5,128.9,155.3,115.5,104.0,115.3,116.8,123.2,125.1,120.0,122.7,120.3,122.3,,116.4,117.5,115.3,112.6,113.0,116.9,109.3,114.0,121.0,0.082712985938782,,101.32231404958678,101.2396694214876,97.76859504132231,101.81818181818183,91.32231404958677,106.52892561983471,128.34710743801654,95.45454545454545,85.9504132231405,95.2892561983471,96.52892561983471,101.81818181818183,103.3884297520661,99.17355371900827,101.40495867768595,99.42148760330578,101.07438016528924,,96.19834710743802,97.10743801652893,95.2892561983471,93.05785123966942,93.38842975206612,96.61157024793388,90.33057851239668,94.21487603305785
2014-11-01,Rural,2014,November,122.7,122.6,119.9,124.0,110.5,128.8,152.0,116.2,103.3,115.8,116.8,124.5,124.9,120.8,123.3,120.5,122.9,,117.3,118.1,115.9,112.0,113.3,117.2,108.8,114.1,121.1,0.082644628099171,,101.3212221304707,101.23864574731627,99.00908340214698,102.39471511147813,91.24690338563171,106.35838150289018,125.51610239471512,95.95375722543353,85.30140379851363,95.62345169281585,96.44921552436003,102.80759702725022,103.13790255986788,99.75227085053675,101.8166804293972,99.5045417010735,101.48637489677954,,96.86209744013212,97.52270850536746,95.70602807597028,92.48554913294798,93.55904211395541,96.77952105697771,89.8431048720066,94.21965317919076
2014-12-01,Rural,2014,December,122.4,122.4,121.8,124.2,110.2,128.6,140.3,116.3,102.0,116.0,117.3,124.8,123.3,121.7,123.8,120.6,123.3,,117.4,118.2,116.2,111.5,113.3,117.7,109.4,114.2,120.3,-0.6606110652353392,,101.74563591022445,101.74563591022445,101.24688279301746,103.2418952618454,91.6043225270158,106.89941812136325,116.62510390689944,96.67497921862011,84.78802992518703,96.42560266001664,97.50623441396509,103.74064837905237,102.49376558603491,101.16375727348297,102.9093931837074,100.24937655860349,102.49376558603491,,97.58935993349958,98.25436408977556,96.59185369908563,92.68495428096426,94.1812136325852,97.83873649210308,90.93931837073981,94.92934330839569
2015-01-01,Rural,2015,January,123.1,123.1,122.1,124.9,111.0,130.4,132.3,117.2,100.5,117.2,117.9,125.6,122.8,122.7,124.4,121.6,124.0,,118.4,118.9,116.6,111.0,114.0,118.2,110.2,114.5,120.3,0.0,,102.32751454696592,102.32751454696592,101.49625935162095,103.82377389858688,92.26932668329178,108.39567747298422,109.97506234413967,97.4231088944306,83.54114713216958,97.4231088944306,98.00498753117208,104.40565253532834,102.07813798836243,101.99501246882794,103.4081463009144,101.08063175394845,103.07564422277639,,98.42061512884456,98.83624272651704,96.92435577722361,92.26932668329178,94.76309226932669,98.25436408977556,91.6043225270158,95.17871986699917
2015-02-01,Rural,2015,February,123.4,124.4,122.1,125.8,111.5,129.4,128.2,118.8,100.0,118.6,118.8,126.8,122.8,124.2,125.4,122.7,125.0,,120.0,119.6,117.7,110.9,114.8,118.7,110.8,115.0,120.6,0.2493765586034868,,102.32172470978442,103.150912106136,101.24378109452736,104.3117744610282,92.45439469320067,107.29684908789388,106.30182421227197,98.50746268656717,82.91873963515755,98.34162520729684,98.50746268656717,105.14096185737978,101.82421227197347,102.98507462686568,103.98009950248756,101.74129353233832,103.64842454394693,,99.50248756218906,99.17081260364843,97.59535655058043,91.95688225538973,95.19071310116087,98.424543946932,91.87396351575457,95.35655058043119
2015-03-01,Rural,2015,March,123.3,124.7,118.9,126.0,111.8,130.9,128.0,119.9,98.9,119.4,118.9,127.7,123.1,124.7,126.0,122.9,125.5,,120.6,120.2,118.2,111.6,115.5,119.4,110.8,115.5,121.1,0.4145936981757803,,101.8166804293972,102.97274979355906,98.1833195706028,104.0462427745665,92.32039636663914,108.09248554913296,105.69777043765482,99.00908340214698,81.66804293971926,98.5962014863749,98.1833195706028,105.45004128819157,101.65152766308836,102.97274979355906,104.0462427745665,101.48637489677954,103.6333608587944,,99.58711808422791,99.25681255161025,97.6052848885219,92.15524360033031,95.37572254335261,98.5962014863749,91.49463253509496,95.37572254335261
2015-04-01,Rural,2015,April,123.3,125.5,117.2,126.8,111.9,134.2,127.5,121.5,97.8,119.8,119.4,128.7,123.6,125.7,126.4,123.3,126.0,,121.2,120.9,118.6,111.9,116.2,119.9,111.6,116.0,121.5,0.3303055326176807,,101.48148148148148,103.29218106995886,96.46090534979425,104.36213991769547,92.09876543209877,110.45267489711934,104.93827160493827,100.0,80.49382716049382,98.60082304526749,98.27160493827161,105.92592592592591,101.72839506172839,103.45679012345678,104.03292181069959,101.48148148148148,103.7037037037037,,99.75308641975309,99.50617283950618,97.61316872427983,92.09876543209877,95.63786008230453,98.68312757201646,91.85185185185185,95.47325102880659
2015-05-01,Rural,2015,May,123.5,127.1,117.3,127.7,112.5,134.1,128.5,124.3,97.6,120.7,120.2,129.8,124.4,126.7,127.3,124.1,126.8,,121.9,121.5,119.4,113.3,116.7,120.5,112.3,116.9,122.4,0.7407407407407529,,100.89869281045752,103.83986928104574,95.83333333333333,104.33006535947713,91.91176470588235,109.55882352941175,104.98366013071896,101.55228758169935,79.73856209150327,98.6111111111111,98.20261437908496,106.04575163398692,101.63398692810458,103.51307189542483,104.0032679738562,101.38888888888889,103.59477124183005,,99.59150326797386,99.26470588235293,97.54901960784314,92.56535947712418,95.34313725490196,98.44771241830065,91.74836601307189,95.50653594771242
2015-06-01,Rural,2015,June,124.1,130.4,122.1,128.7,114.1,133.2,135.2,131.9,96.3,123.0,121.1,131.2,126.6,128.2,128.4,125.1,128.0,,122.6,122.8,120.4,114.2,117.9,122.0,113.0,117.9,124.1,1.388888888888884,,100.0,105.07655116841259,98.3883964544722,103.70668815471393,91.941982272361,107.33279613215147,108.94439967767929,106.28525382755842,77.59871071716358,99.11361804995971,97.5825946817083,105.72119258662369,102.01450443190976,103.30378726833199,103.46494762288478,100.8058017727639,103.14262691377922,,98.79129734085414,98.95245769540693,97.01853344077358,92.02256244963739,95.00402900886384,98.30781627719581,91.05560032232071,95.00402900886384
2015-07-01,Rural,2015,July,124.0,131.5,122.0,128.7,113.5,133.3,140.8,133.8,94.1,123.4,121.0,131.7,127.5,129.4,128.8,125.5,128.3,,123.0,123.0,120.8,114.1,118.0,122.9,112.7,118.1,124.7,0.483481063658342,,99.43865276663993,105.45308740978348,97.83480352846831,103.20769847634321,91.01844426623897,106.89655172413795,112.91098636728148,107.29751403368084,75.46110665597433,98.95749799518846,97.03287890938252,105.61347233360064,102.24538893344027,103.76904570970329,103.28789093825182,100.64153969526863,102.88692862870892,,98.63672814755414,98.63672814755414,96.87249398556536,91.49959903769044,94.62710505212509,98.55653568564556,90.37690457097032,94.70729751403367
2015-08-01,Rural,2015,August,124.7,131.3,121.3,128.8,114.0,134.2,153.6,137.9,93.1,123.9,121.5,132.5,129.8,130.1,129.5,126.3,129.0,,123.8,123.7,121.1,113.6,118.5,123.6,112.5,118.2,126.1,1.122694466720131,,98.88977002379065,104.1237113402062,96.19349722442506,102.14115781126092,90.40444091990484,106.42347343378272,121.8080888183981,109.35765265662174,73.83029341792229,98.25535289452816,96.35210150674068,105.07533703409993,102.93417922283903,103.17208564631247,102.6962727993656,100.15860428231562,102.29976209357655,,98.17605075337035,98.09674861221254,96.03489294210944,90.0872323552736,93.97303727200634,98.01744647105471,89.21490880253768,93.73513084853292
2015-09-01,Rural,2015,September,125.1,131.1,120.7,129.2,114.7,132.3,158.9,142.1,92.5,125.4,121.9,132.7,131.0,131.0,130.4,126.8,129.9,,123.7,124.5,121.4,113.8,119.6,124.5,113.7,118.8,127.0,0.7137192704202988,,98.50393700787401,103.2283464566929,95.03937007874016,101.73228346456693,90.31496062992126,104.17322834645671,125.11811023622047,111.88976377952756,72.83464566929135,98.74015748031496,95.98425196850394,104.48818897637796,103.14960629921259,103.14960629921259,102.67716535433071,99.84251968503936,102.28346456692914,,97.4015748031496,98.03149606299213,95.59055118110237,89.60629921259843,94.17322834645668,98.03149606299213,89.5275590551181,93.54330708661416
2015-10-01,Rural,2015,October,125.6,130.4,120.8,129.4,115.8,133.2,157.7,154.2,93.7,126.6,122.3,133.1,131.8,131.5,131.1,127.3,130.6,,124.4,125.1,122.0,113.8,120.1,125.1,114.2,119.2,127.7,0.5511811023622082,,98.35552075176194,102.11433046202036,94.59671104150353,101.33124510571652,90.68128425998432,104.30696945967108,123.4925606891151,120.75176194205169,73.37509788566953,99.13860610806577,95.77133907595928,104.22866092404071,103.21064996084574,102.97572435395459,102.66249021143304,99.68676585747846,102.27094753328112,,97.41581832419735,97.96397807361001,95.53641346906812,89.11511354737665,94.04855129209083,97.96397807361001,89.4283476898982,93.34377447141739
2015-11-01,Rural,2015,November,126.1,130.6,121.7,129.5,117.8,132.1,155.2,160.8,94.5,128.3,123.1,134.2,132.4,132.2,132.1,128.2,131.5,,125.6,125.6,122.6,114.0,120.9,125.8,114.2,119.6,128.3,0.469851213782313,,98.28526890101324,101.79267342166796,94.85580670303975,100.93530787217458,91.81605611847232,102.96180826188619,120.96648480124705,125.33125487139516,73.65549493374903,100.0,95.94699922057676,104.59859703819173,103.19563522992985,103.0397505845674,102.96180826188619,99.92205767731876,102.49415432579889,,97.89555728760716,97.89555728760716,95.55728760717068,88.85424785658613,94.23226812159002,98.0514419329696,89.01013250194856,93.21901792673421
2015-12-01,Rural,2015,December,126.3,131.3,123.3,129.8,118.3,131.6,145.5,162.1,95.4,128.9,123.3,135.1,131.4,133.1,132.5,128.5,131.9,,125.7,126.0,123.1,114.0,121.6,125.6,114.1,119.8,127.9,-0.3117692907248726,,98.74902267396402,102.65832681782643,96.4034401876466,101.48553557466771,92.49413604378421,102.89288506645815,113.7607505863956,126.73964034401874,74.58952306489445,100.78186082877248,96.4034401876466,105.62939796716184,102.73651290070367,104.06567630961688,103.5965598123534,100.46911649726349,103.12744331508992,,98.27990617670055,98.51446442533228,96.24706802189209,89.13213448006255,95.07427677873338,98.20172009382328,89.2103205629398,93.66692728694291
2016-01-01,Rural,2016,January,126.8,133.2,126.5,130.3,118.9,131.6,140.1,163.8,97.7,129.6,124.3,135.9,131.4,133.6,133.2,128.9,132.6,,126.2,126.6,123.7,113.6,121.4,126.2,114.9,120.1,128.1,0.1563721657544814,,98.98516783762685,103.98126463700234,98.75097580015614,101.71740827478534,92.81811085089774,102.73224043715847,109.36768149882906,127.86885245901641,76.26854020296643,101.17096018735363,97.0335675253708,106.08899297423888,102.57611241217799,104.29352068696332,103.98126463700234,100.62451209992193,103.5128805620609,,98.5167837626854,98.82903981264637,96.56518345042936,88.68071818891491,94.76971116315379,98.5167837626854,89.69555035128806,93.75487900078065
2016-02-01,Rural,2016,February,127.1,133.7,127.7,130.7,118.5,130.4,130.9,162.8,98.7,130.6,124.8,136.4,130.3,134.4,133.9,129.8,133.4,,127.5,127.1,124.3,113.9,122.3,127.1,116.8,120.9,127.9,-0.156128024980473,,99.37451133698201,104.53479280688036,99.84362783424551,102.18921032056292,92.6505082095387,101.95465207193119,102.34558248631744,127.28694292415949,77.16966379984362,102.11102423768568,97.57623143080531,106.64581704456606,101.87646598905395,105.08209538702111,104.69116497263487,101.48553557466771,104.30023455824863,,99.687255668491,99.37451133698201,97.18530101641906,89.0539483971853,95.62157935887411,99.37451133698201,91.32134480062548,94.52697419859265
2016-03-01,Rural,2016,March,127.3,134.4,125.1,130.5,118.3,131.7,130.7,161.2,100.4,130.8,124.9,137.0,130.4,135.0,134.4,130.2,133.8,,127.0,127.7,124.8,113.6,122.5,127.5,117.4,121.1,128.0,0.0781860828772407,,99.453125,105.0,97.734375,101.953125,92.421875,102.89062499999999,102.10937499999999,125.93749999999999,78.4375,102.18750000000001,97.578125,107.03125,101.875,105.46875,105.0,101.71874999999999,104.53125000000001,,99.21875,99.765625,97.5,88.75,95.703125,99.609375,91.71875,94.609375
2016-04-01,Rural,2016,April,127.4,135.4,123.4,131.3,118.2,138.1,134.1,162.7,105.0,131.4,125.4,137.4,131.8,135.5,135.0,130.6,134.4,,127.0,128.0,125.2,114.4,123.2,127.9,118.4,121.7,129.0,0.78125,,98.75968992248062,104.96124031007751,95.65891472868218,101.78294573643412,91.62790697674419,107.05426356589147,103.95348837209302,126.12403100775194,81.3953488372093,101.86046511627906,97.2093023255814,106.51162790697674,102.17054263565892,105.03875968992249,104.65116279069768,101.24031007751937,104.18604651162791,,98.44961240310077,99.2248062015504,97.05426356589147,88.68217054263566,95.50387596899225,99.14728682170542,91.78294573643412,94.34108527131784
2016-05-01,Rural,2016,May,127.6,137.5,124.4,132.4,118.2,138.1,141.8,166.0,107.5,132.2,126.1,138.3,133.6,136.0,135.4,131.1,134.8,,127.4,128.5,125.8,115.1,123.6,129.1,119.7,122.5,130.3,1.0077519379845024,,97.92785878741364,105.52570990023023,95.47198772064466,101.61166538756714,90.71373752877973,105.9861857252494,108.82578664620108,127.39831158864159,82.5019186492709,101.45817344589408,96.77666922486569,106.1396776669225,102.53261703760552,104.37452033768227,103.91404451266308,100.61396776669223,103.45356868764391,,97.77436684574059,98.61857252494242,96.54643131235609,88.33461243284727,94.8580199539524,99.07904834996162,91.8649270913277,94.01381427475056
2016-06-01,Rural,2016,June,128.6,138.6,126.6,133.6,118.6,137.4,152.5,169.2,108.8,133.1,126.4,139.2,136.0,137.2,136.3,131.6,135.6,,128.0,129.3,126.2,116.3,124.1,130.2,119.9,123.3,131.9,1.2279355333844943,,97.4981046247157,105.07960576194087,95.98180439727065,101.28885519332826,89.9166034874905,104.16982562547383,115.61789234268385,128.27899924184987,82.48673237300986,100.909780136467,95.83017437452615,105.53449583017436,103.10841546626233,104.01819560272934,103.33586050037908,99.77255496588323,102.8051554207733,,97.04321455648218,98.02880970432146,95.67854435178165,88.17285822592874,94.08642911296435,98.71114480667171,90.9021986353298,93.47990902198634
2016-07-01,Rural,2016,July,129.3,139.5,129.6,134.5,119.5,138.5,158.2,171.8,110.3,134.3,127.3,139.9,137.6,138.0,137.2,132.2,136.5,,128.2,130.0,126.7,116.4,125.2,130.8,120.9,123.8,133.0,0.833965125094771,,97.21804511278197,104.88721804511279,97.44360902255639,101.12781954887218,89.84962406015038,104.13533834586465,118.94736842105263,129.17293233082708,82.93233082706767,100.97744360902257,95.71428571428571,105.18796992481202,103.45864661654134,103.7593984962406,103.1578947368421,99.3984962406015,102.63157894736842,,96.39097744360902,97.74436090225564,95.26315789473685,87.51879699248121,94.13533834586467,98.34586466165415,90.90225563909775,93.08270676691728
2016-08-01,Rural,2016,August,130.1,138.8,130.3,135.3,119.9,140.2,156.9,172.2,112.1,134.9,128.1,140.7,138.0,138.9,137.8,133.0,137.1,,129.1,130.6,127.0,116.0,125.5,131.9,122.0,124.2,133.5,0.3759398496240518,,97.45318352059925,103.97003745318354,97.60299625468166,101.34831460674158,89.812734082397,105.01872659176028,117.52808988764045,128.98876404494382,83.97003745318352,101.04868913857679,95.95505617977528,105.39325842696627,103.37078651685394,104.04494382022473,103.22097378277155,99.625468164794,102.69662921348315,,96.70411985018727,97.82771535580524,95.13108614232209,86.89138576779027,94.00749063670412,98.80149812734082,91.38576779026218,93.03370786516855
2016-09-01,Rural,2016,September,130.8,138.2,130.5,135.5,120.2,139.2,149.5,170.4,113.1,135.8,128.8,141.5,137.2,139.9,138.5,133.5,137.8,,129.7,131.1,127.8,117.0,125.7,132.2,122.8,124.9,133.4,-0.0749063670411942,,98.05097451274362,103.5982008995502,97.82608695652173,101.57421289355322,90.10494752623688,104.34782608695652,112.06896551724137,127.736131934033,84.78260869565216,101.79910044977511,96.55172413793103,106.071964017991,102.84857571214391,104.87256371814094,103.82308845577211,100.07496251874062,103.29835082458771,,97.2263868065967,98.27586206896551,95.80209895052472,87.70614692653673,94.22788605697151,99.10044977511244,92.05397301349325,93.62818590704649
2016-10-01,Rural,2016,October,131.3,137.6,130.1,136.0,120.8,138.4,149.2,170.2,113.4,136.3,128.7,142.4,137.4,140.9,139.6,134.3,138.8,,129.8,131.8,128.7,117.8,126.5,133.0,123.0,125.7,133.8,0.2998500749625155,,98.13153961136024,102.84005979073243,97.23467862481314,101.64424514200299,90.28400597907323,103.43796711509717,111.50971599402091,127.2047832585949,84.75336322869956,101.86846038863978,96.18834080717487,106.42750373692078,102.69058295964125,105.30642750373691,104.33482810164423,100.37369207772795,103.73692077727952,,97.01046337817638,98.50523168908819,96.18834080717487,88.04185351270553,94.5440956651719,99.40209267563527,91.92825112107622,93.94618834080717
2016-11-01,Rural,2016,November,132.0,137.4,130.6,136.2,121.1,136.9,141.8,170.0,113.4,136.8,128.7,143.1,136.6,141.2,139.9,134.5,139.2,,130.3,132.1,129.1,118.2,126.9,133.7,123.5,126.1,133.6,-0.1494768310911887,,98.80239520958084,102.84431137724552,97.75449101796407,101.94610778443113,90.6437125748503,102.47005988023955,106.13772455089823,127.24550898203593,84.88023952095809,102.39520958083834,96.3323353293413,107.11077844311376,102.24550898203593,105.68862275449102,104.71556886227546,100.6736526946108,104.19161676646706,,97.5299401197605,98.87724550898204,96.63173652694611,88.47305389221557,94.98502994011977,100.07485029940119,92.44011976047905,94.38622754491018
2016-12-01,Rural,2016,December,132.6,137.3,131.6,136.3,121.6,135.6,127.5,167.9,113.8,137.5,129.1,143.6,134.7,142.4,140.4,135.2,139.7,,132.0,132.9,129.7,118.6,127.3,134.2,121.9,126.3,132.8,-0.5988023952095634,,99.84939759036143,103.38855421686748,99.09638554216866,102.6355421686747,91.56626506024095,102.10843373493974,96.0090361445783,126.43072289156625,85.69277108433734,103.53915662650601,97.21385542168673,108.13253012048192,101.43072289156625,107.2289156626506,105.72289156626506,101.80722891566263,105.19578313253011,,99.39759036144578,100.07530120481927,97.66566265060239,89.30722891566263,95.85843373493975,101.05421686746988,91.79216867469879,95.10542168674698
2017-01-01,Rural,2017,January,133.1,137.8,131.9,136.7,122.0,136.0,119.8,161.7,114.8,136.9,129.0,143.9,133.7,143.1,140.7,135.8,140.0,,132.1,133.2,129.9,119.1,127.0,134.6,122.3,126.6,132.4,-0.3012048192771122,,100.5287009063444,104.0785498489426,99.62235649546828,103.24773413897279,92.14501510574019,102.71903323262839,90.4833836858006,122.1299093655589,86.70694864048339,103.39879154078551,97.43202416918429,108.68580060422961,100.98187311178246,108.08157099697884,106.26888217522657,102.56797583081571,105.74018126888217,,99.77341389728096,100.60422960725074,98.1117824773414,89.95468277945619,95.9214501510574,101.66163141993955,92.37160120845921,95.61933534743201
2017-02-01,Rural,2017,February,133.3,138.3,129.3,137.2,122.1,138.7,119.1,156.9,116.2,136.0,129.4,144.4,133.6,143.7,140.9,135.8,140.2,,133.2,133.6,130.1,119.5,127.7,134.9,123.2,127.0,132.6,0.1510574018126709,,100.52790346907996,104.29864253393666,97.51131221719459,103.46907993966816,92.0814479638009,104.6003016591252,89.81900452488688,118.32579185520362,87.63197586727,102.56410256410258,97.58672699849171,108.89894419306185,100.75414781297134,108.37104072398189,106.25942684766214,102.41327300150832,105.73152337858221,,100.4524886877828,100.75414781297134,98.11463046757164,90.12066365007541,96.30467571644043,101.7345399698341,92.91101055806938,95.77677224736048
2017-03-01,Rural,2017,March,133.6,138.8,128.8,137.2,121.6,139.7,119.7,148.0,116.9,135.6,129.8,145.4,133.4,144.2,141.6,136.2,140.8,,134.2,134.1,130.6,119.8,128.3,135.2,123.3,127.4,132.8,0.1508295625942901,,100.6024096385542,104.51807228915662,96.98795180722891,103.31325301204816,91.56626506024095,105.19578313253011,90.1355421686747,111.44578313253011,88.02710843373494,102.10843373493974,97.7409638554217,109.4879518072289,100.45180722891567,108.58433734939756,106.62650602409639,102.5602409638554,106.02409638554218,,101.05421686746988,100.97891566265058,98.34337349397589,90.21084337349396,96.61144578313254,101.80722891566263,92.84638554216866,95.93373493975903
2017-04-01,Rural,2017,April,133.2,138.7,127.1,137.7,121.3,141.8,121.5,144.5,117.4,134.1,130.0,145.5,133.5,144.4,142.4,136.8,141.6,,135.0,134.3,131.0,119.2,128.3,135.7,123.7,127.5,132.9,0.0753012048192669,,100.22573363431151,104.36418359668922,95.63581640331074,103.61173814898419,91.27163280662151,106.69676448457489,91.42212189616252,108.72836719337849,88.33709556057185,100.90293453724604,97.81790820165538,109.48081264108352,100.45146726862302,108.65312264860798,107.1482317531979,102.93453724604966,106.54627539503385,,101.58013544018058,101.05342362678707,98.57035364936041,89.69149736644093,96.53875094055681,102.1068472535741,93.07750188111362,95.93679458239276
2017-05-01,Rural,2017,May,133.1,140.3,126.8,138.2,120.8,140.2,123.8,141.8,118.6,134.0,130.3,145.8,133.8,145.5,142.5,137.3,141.8,,135.0,134.9,131.4,119.4,129.4,136.3,123.7,127.9,133.3,0.3009781790820121,,99.84996249062264,105.25131282820706,95.1237809452363,103.67591897974494,90.62265566391598,105.17629407351836,92.87321830457613,106.37659414853712,88.97224306076518,100.5251312828207,97.74943735933984,109.37734433608401,100.37509377344335,109.152288072018,106.90172543135783,103.00075018754688,106.37659414853712,,101.27531882970742,101.20030007501875,98.57464366091523,89.57239309827456,97.07426856714179,102.25056264066016,92.79819954988746,95.9489872468117
2017-06-01,Rural,2017,June,133.5,143.7,128.0,138.6,120.9,140.9,128.8,140.2,118.9,133.5,130.4,146.5,134.9,145.8,143.1,137.7,142.3,,134.8,135.2,131.3,119.4,129.8,136.9,124.1,128.1,133.9,0.4501125281320295,,99.70126960418222,107.31889469753546,95.59372666168782,103.51008215085884,90.29126213592234,105.22778192681106,96.19118745332338,104.70500373412995,88.79761015683346,99.70126960418222,97.38610903659448,109.41000746825989,100.74682598954443,108.88722927557879,106.8707991038088,102.83793876026886,106.27333831217327,,100.67214339059001,100.97087378640775,98.05825242718447,89.17102315160568,96.93801344286783,102.24047796863331,92.68110530246452,95.66840926064226
2017-07-01,Rural,2017,July,134.0,144.2,129.8,139.0,120.9,143.9,151.5,138.1,120.0,133.9,131.4,147.7,138.5,147.4,144.3,138.1,143.5,,135.3,136.1,132.1,119.1,130.6,138.6,124.4,128.6,136.2,1.7176997759521972,,98.38472834067548,105.87371512481644,95.30102790014686,102.05580029368578,88.76651982378856,105.65345080763583,111.23348017621146,101.39500734214391,88.1057268722467,98.31130690161528,96.47577092511015,108.44346549192365,101.68869309838473,108.22320117474304,105.94713656387667,101.39500734214391,105.35976505139502,,99.33920704845816,99.92657856093979,96.98972099853157,87.44493392070484,95.88839941262849,101.76211453744494,91.33627019089575,94.41997063142438
2017-08-01,Rural,2017,August,134.8,143.1,130.0,139.4,120.5,148.0,162.9,137.4,120.8,134.7,131.6,148.7,140.6,149.0,145.3,139.2,144.5,,136.4,137.3,133.0,120.3,131.5,140.2,125.4,129.7,137.8,1.1747430249632984,,97.82293178519593,103.84615384615384,94.33962264150942,101.1611030478955,87.44557329462988,107.40203193033382,118.21480406386067,99.70972423802613,87.6632801161103,97.75036284470245,95.50072568940492,107.91001451378807,102.03193033381712,108.12772133526849,105.44267053701016,101.01596516690854,104.8621190130624,,98.98403483309143,99.63715529753266,96.51669085631349,87.30043541364296,95.42815674891146,101.74165457184323,91.00145137880986,94.12191582002902
2017-09-01,Rural,2017,September,135.2,142.0,130.5,140.2,120.7,147.8,154.5,137.1,121.0,134.7,131.7,149.3,139.6,149.8,146.1,139.7,145.2,,137.4,137.9,133.4,121.2,132.3,139.6,126.7,130.3,137.6,-0.1451378809869452,,98.25581395348837,103.19767441860466,94.84011627906978,101.88953488372093,87.71802325581396,107.41279069767442,112.28197674418605,99.63662790697676,87.93604651162791,97.89244186046511,95.71220930232558,108.50290697674421,101.45348837209302,108.86627906976744,106.17732558139534,101.52616279069765,105.52325581395348,,99.8546511627907,100.21802325581397,96.94767441860466,88.0813953488372,96.1482558139535,101.45348837209302,92.07848837209302,94.69476744186048
2017-10-01,Rural,2017,October,135.9,141.9,131.0,141.5,121.4,146.7,157.1,136.4,121.4,135.6,131.3,150.3,140.4,150.5,147.2,140.6,146.2,,138.1,138.4,134.2,121.0,133.0,140.1,127.4,130.7,138.3,0.5087209302325757,,98.2646420824295,102.60303687635574,94.72161966738972,102.31381055676066,87.78018799710775,106.07375271149672,113.5936370209689,98.62617498192336,87.78018799710775,98.04772234273318,94.93853940708604,108.6767895878525,101.51843817787419,108.82140274765003,106.43528561099058,101.6630513376717,105.71221981200287,,99.85538684020244,100.07230657989876,97.03543022415037,87.49096167751264,96.16775126536514,101.30151843817785,92.11858279103397,94.50469992769341
2017-11-01,Rural,2017,November,136.3,142.5,140.5,141.5,121.6,147.3,168.0,135.8,122.5,136.0,131.9,151.4,142.4,152.1,148.2,141.5,147.3,,141.1,139.4,135.8,121.6,133.7,141.5,128.1,131.7,140.0,1.229211858279089,,97.35714285714286,101.78571428571428,100.35714285714286,101.07142857142857,86.85714285714286,105.21428571428572,120.0,97.00000000000001,87.5,97.14285714285714,94.21428571428572,108.14285714285714,101.71428571428571,108.64285714285712,105.85714285714285,101.07142857142857,105.21428571428572,,100.78571428571428,99.57142857142858,97.00000000000001,86.85714285714286,95.5,101.07142857142857,91.49999999999999,94.07142857142856
2017-12-01,Rural,2017,December,136.4,143.7,144.8,141.9,123.1,147.2,161.0,133.8,121.9,135.8,131.1,151.4,141.5,153.2,148.0,141.9,147.2,,142.6,139.5,136.1,122.0,133.4,141.1,127.8,131.9,139.8,-0.1428571428571334,,97.56795422031473,102.78969957081543,103.57653791130186,101.50214592274678,88.05436337625177,105.29327610872674,115.16452074391988,95.70815450643777,87.19599427753934,97.13876967095851,93.77682403433475,108.29756795422031,101.21602288984262,109.58512160228896,105.86552217453504,101.50214592274678,105.29327610872674,,102.00286123032902,99.78540772532189,97.3533619456366,87.26752503576537,95.42203147353362,100.92989985693848,91.41630901287553,94.34907010014307
2018-01-01,Rural,2018,January,136.6,144.4,143.8,142.0,123.2,147.9,152.1,131.8,119.5,136.0,131.2,151.8,140.4,153.6,148.3,142.3,147.5,,142.3,139.8,136.0,122.7,134.3,141.6,128.6,132.3,139.3,-0.3576537911301858,,98.06173725771714,103.66116295764536,103.23043790380473,101.93826274228283,88.44221105527637,106.17372577171571,109.18880114860012,94.61593682699211,85.78607322325914,97.63101220387652,94.18521177315145,108.97343862167983,100.78966259870784,110.2656137832017,106.46087580760948,102.15362526920315,105.88657573582196,,102.15362526920315,100.3589375448672,97.63101220387652,88.08327351040919,96.41062455132807,101.65111270638907,92.31873653984206,94.9748743718593
2018-02-01,Rural,2018,February,136.4,143.7,140.6,141.5,122.9,149.4,142.4,130.2,117.9,135.6,130.5,151.7,138.7,153.3,148.7,142.4,147.8,,142.4,139.9,136.2,123.3,134.3,141.5,128.8,132.5,138.5,-0.5743000717875146,,98.48375451263539,103.75451263537904,101.51624548736461,102.16606498194946,88.73646209386283,107.87003610108303,102.8158844765343,94.00722021660648,85.12635379061372,97.90613718411552,94.22382671480143,109.53068592057762,100.14440433212997,110.68592057761735,107.36462093862815,102.8158844765343,106.71480144404333,,102.8158844765343,101.01083032490976,98.3393501805054,89.02527075812274,96.96750902527077,102.16606498194946,92.99638989169677,95.66787003610109
2018-03-01,Rural,2018,March,136.8,143.8,140.0,142.0,123.2,152.9,138.0,129.3,117.1,136.3,131.2,152.8,138.6,155.1,149.2,143.0,148.3,,142.6,139.9,136.7,124.6,135.1,142.7,129.3,133.3,138.7,0.1444043321299659,,98.63013698630138,103.67700072098056,100.93727469358329,102.37923576063449,88.82480173035329,110.23792357606345,99.4953136265321,93.22278298485942,84.42682047584715,98.26964671953858,94.59264599855803,110.1658255227109,99.92790194664745,111.82408074981976,107.57029560201875,103.10021629416006,106.92141312184573,,102.81182408074983,100.86517664023074,98.5580389329488,89.83417447728912,97.40447007930786,102.88392213410238,93.22278298485942,96.1067051189618
2018-04-01,Rural,2018,April,137.1,144.5,135.9,142.4,123.5,156.4,135.1,128.4,115.2,137.2,131.9,153.8,138.6,156.1,150.1,143.3,149.1,,143.8,140.9,137.6,125.3,136.0,143.7,130.4,134.2,139.1,0.2883922134102379,,98.56218547807333,103.88209920920201,97.69949676491734,102.37239396117901,88.78504672897196,112.43709561466572,97.12437095614665,92.3076923076923,82.81811646297628,98.63407620416966,94.82386772106399,110.56793673616106,99.64054636951833,112.22142343637671,107.9079798705967,103.01941049604602,107.18907260963336,,103.37886412652767,101.29403306973401,98.921639108555,90.07907979870596,97.77138749101366,103.30697340043133,93.74550682961899,96.47735442127964
2018-05-01,Rural,2018,May,137.4,145.7,135.5,142.9,123.6,157.5,137.8,127.2,111.8,137.4,132.2,154.3,139.1,157.0,150.8,144.1,149.8,,144.3,141.8,138.4,126.4,136.8,144.4,131.2,135.1,139.8,0.5032350826743581,,98.28326180257511,104.22031473533617,96.9241773962804,102.21745350500714,88.41201716738196,112.66094420600858,98.56938483547926,90.98712446351931,79.97138769670957,98.28326180257511,94.56366237482115,110.3719599427754,99.49928469241772,112.30329041487839,107.86838340486409,103.07582260371959,107.15307582260371,,103.21888412017168,101.43061516452074,98.99856938483548,90.414878397711,97.85407725321889,103.2904148783977,93.84835479256078,96.63805436337624
2018-06-01,Rural,2018,June,137.6,148.1,136.7,143.2,124.0,154.1,143.5,126.0,112.4,137.6,132.8,154.3,140.0,157.3,151.3,144.7,150.3,,145.1,142.2,138.4,127.4,137.8,145.1,131.4,135.6,140.5,0.5007153075822446,,97.93594306049822,105.40925266903913,97.29537366548043,101.92170818505338,88.25622775800713,109.6797153024911,102.13523131672598,89.6797153024911,80.0,97.93594306049822,94.51957295373667,109.82206405693951,99.644128113879,111.95729537366547,107.68683274021353,102.98932384341637,106.97508896797154,,103.27402135231316,101.20996441281139,98.50533807829181,90.67615658362989,98.07829181494662,103.27402135231316,93.52313167259787,96.51245551601423
2018-07-01,Rural,2018,July,138.4,149.3,139.3,143.4,124.1,153.3,154.2,126.4,114.3,138.2,132.8,154.8,142.0,156.1,151.5,145.1,150.6,,146.8,143.1,139.0,127.5,138.4,145.8,131.4,136.0,141.8,0.92526690391459,,97.60225669957686,105.28913963328633,98.23695345557122,101.1283497884344,87.51763046544427,108.11001410437235,108.7447108603667,89.13963328631876,80.60648801128349,97.46121297602255,93.65303244005642,109.16784203102962,100.1410437235543,110.08462623413257,106.84062059238364,102.32722143864596,106.20592383638927,,103.52609308885754,100.91678420310295,98.02538787023977,89.91537376586741,97.60225669957686,102.82087447108603,92.6657263751763,95.90973201692525
2018-08-01,Rural,2018,August,139.2,148.8,139.1,143.5,125.0,154.4,156.3,126.8,115.4,138.6,133.8,155.2,142.7,156.4,152.1,145.8,151.3,,147.7,143.8,139.4,128.3,138.6,146.9,131.3,136.6,142.5,0.4936530324400445,,97.68421052631578,104.42105263157895,97.6140350877193,100.70175438596492,87.71929824561403,108.35087719298247,109.68421052631581,88.98245614035088,80.98245614035088,97.26315789473684,93.89473684210527,108.91228070175438,100.14035087719297,109.75438596491229,106.73684210526315,102.31578947368422,106.17543859649123,,103.64912280701755,100.9122807017544,97.82456140350878,90.03508771929826,97.26315789473684,103.08771929824563,92.14035087719299,95.85964912280701
2018-09-01,Rural,2018,September,139.4,147.2,136.6,143.7,124.6,150.1,149.4,125.4,114.4,138.7,133.1,155.9,141.3,157.7,152.1,146.1,151.3,,149.0,144.0,140.0,129.9,140.0,147.6,132.0,137.4,142.1,-0.2807017543859702,,98.09992962702323,103.5890218156228,96.12948627726952,101.12596762843067,87.68472906403942,105.6298381421534,105.137227304715,88.24771287825476,80.50668543279382,97.6073187895848,93.66643209007741,109.71147079521464,99.43701618578467,110.97818437719916,107.03729767769177,102.81491907107672,106.47431386347644,,104.85573539760733,101.33708655876144,98.52216748768473,91.41449683321605,98.52216748768473,103.87051372273046,92.89232934553132,96.69247009148488
2018-10-01,Rural,2018,October,139.3,147.6,134.6,141.9,123.5,144.5,147.6,121.4,112.3,139.5,134.6,155.2,140.2,159.6,150.7,144.5,149.8,,149.7,147.5,144.8,130.8,140.1,148.0,134.4,139.8,142.2,0.0703729767769223,,97.96061884669481,103.79746835443038,94.65541490857947,99.789029535865,86.84950773558369,101.61744022503515,103.79746835443038,85.37271448663854,78.9732770745429,98.10126582278482,94.65541490857947,109.1420534458509,98.59353023909986,112.23628691983123,105.97749648382559,101.61744022503515,105.34458509142056,,105.27426160337552,103.72714486638539,101.82841068917018,91.98312236286922,98.52320675105486,104.07876230661041,94.51476793248946,98.31223628691986
2018-11-01,Rural,2018,November,137.1,150.8,136.7,141.9,122.8,143.9,147.5,121.0,111.6,140.6,137.5,156.1,140.0,161.9,151.7,145.5,150.8,,150.3,148.0,145.4,130.3,143.1,150.2,133.1,140.1,142.4,0.1406469760900197,,96.27808988764043,105.89887640449437,95.99719101123594,99.64887640449437,86.23595505617978,101.05337078651687,103.5814606741573,84.97191011235955,78.37078651685393,98.73595505617978,96.55898876404494,109.62078651685391,98.31460674157303,113.6938202247191,106.53089887640448,102.17696629213482,105.89887640449437,,105.54775280898876,103.93258426966293,102.1067415730337,91.50280898876404,100.49157303370787,105.47752808988761,93.4691011235955,98.38483146067415
2018-12-01,Rural,2018,December,137.1,151.9,137.4,142.4,124.2,140.2,136.6,120.9,109.9,140.2,137.8,156.0,138.5,162.4,151.6,145.9,150.8,,149.0,149.5,149.6,128.9,143.3,155.1,133.2,141.6,141.9,-0.3511235955056202,,96.61733615221986,107.04721634954193,96.82875264270614,100.35236081747709,87.52642706131078,98.80197322057785,96.26497533474276,85.20084566596195,77.44890768146581,98.80197322057785,97.11064129668782,109.93657505285412,97.60394644115574,114.44679351656094,106.83579985905567,102.81888653981677,106.27202255109232,,105.00352360817477,105.35588442565187,105.42635658914728,90.83861874559548,100.98661028893588,109.30232558139534,93.8689217758985,99.78858350951373
2019-01-01,Rural,2019,January,136.6,152.5,138.2,142.4,123.9,135.5,131.7,121.3,108.4,138.9,137.0,155.8,137.4,162.7,150.6,145.1,149.9,,146.2,150.1,149.6,128.6,142.9,155.2,133.5,141.7,141.0,-0.634249471458781,,96.87943262411348,108.15602836879432,98.01418439716312,100.99290780141845,87.87234042553192,96.09929078014184,93.40425531914893,86.02836879432624,76.87943262411348,98.51063829787235,97.16312056737588,110.49645390070924,97.4468085106383,115.39007092198581,106.80851063829786,102.90780141843972,106.31205673758866,,103.68794326241132,106.45390070921985,106.09929078014184,91.20567375886525,101.34751773049646,110.07092198581559,94.68085106382979,100.4964539007092
2019-02-01,Rural,2019,February,136.8,153.0,139.1,142.5,124.1,135.8,128.7,121.5,108.3,139.2,137.4,156.2,137.2,162.8,150.5,146.1,149.9,,145.3,150.1,149.9,129.2,143.4,155.5,134.9,142.2,141.0,0.0,,97.0212765957447,108.51063829787233,98.65248226950354,101.06382978723406,88.01418439716312,96.31205673758866,91.27659574468085,86.17021276595744,76.80851063829786,98.72340425531914,97.4468085106383,110.78014184397162,97.30496453900709,115.46099290780143,106.73758865248226,103.61702127659574,106.31205673758866,,103.04964539007094,106.45390070921985,106.31205673758866,91.63120567375886,101.70212765957447,110.28368794326242,95.67375886524823,100.85106382978724
2019-03-01,Rural,2019,March,136.9,154.1,138.7,142.5,124.1,136.1,128.2,122.3,108.3,138.9,137.4,156.4,137.3,162.9,150.8,146.1,150.1,,146.4,150.0,150.4,129.9,143.8,155.5,134.0,142.4,141.2,0.1418439716311947,,96.95467422096318,109.13597733711049,98.22946175637394,100.92067988668556,87.88951841359773,96.38810198300284,90.79320113314448,86.61473087818698,76.69971671388103,98.37110481586403,97.3087818696884,110.76487252124647,97.23796033994336,115.36827195467423,106.79886685552408,103.47025495750708,106.30311614730878,,103.68271954674222,106.23229461756374,106.51558073654392,91.99716713881021,101.84135977337112,110.12747875354107,94.90084985835695,100.84985835694052
2019-05-01,Rural,2019,May,137.4,159.5,134.5,142.6,124.0,143.7,133.4,125.1,109.3,139.3,137.7,156.4,139.2,163.3,151.3,146.6,150.7,,146.9,149.5,151.3,130.2,145.9,156.7,133.9,142.9,142.4,0.8498583569405138,,96.48876404494382,112.00842696629213,94.45224719101122,100.14044943820224,87.07865168539325,100.9129213483146,93.67977528089888,87.85112359550561,76.75561797752809,97.82303370786516,96.69943820224718,109.8314606741573,97.75280898876403,114.67696629213484,106.25,102.94943820224718,105.82865168539324,,103.16011235955057,104.98595505617978,106.25,91.43258426966291,102.45786516853931,110.04213483146066,94.03089887640449,100.35112359550563
2019-06-01,Rural,2019,June,137.8,163.5,136.2,143.2,124.3,143.3,140.6,128.7,110.6,140.4,138.0,156.6,141.0,164.2,151.4,146.5,150.7,,147.8,149.6,151.7,130.2,146.4,157.7,134.8,143.3,143.6,0.8426966292134797,,95.96100278551533,113.85793871866296,94.84679665738162,99.72144846796657,86.55988857938719,99.79108635097495,97.9108635097493,89.62395543175487,77.01949860724234,97.7715877437326,96.10027855153204,109.05292479108635,98.18941504178274,114.34540389972145,105.43175487465182,102.01949860724235,104.9442896935933,,102.924791086351,104.17827298050139,105.64066852367688,90.66852367688021,101.949860724234,109.81894150417828,93.87186629526464,99.79108635097495
2019-07-01,Rural,2019,July,138.4,164.0,138.4,143.9,124.4,146.4,150.1,130.6,110.8,141.7,138.5,156.7,143.0,164.5,151.6,146.6,150.9,,146.8,150.0,152.2,131.2,147.5,159.1,136.1,144.2,144.9,0.9052924791086436,,95.51414768806073,113.18150448585232,95.51414768806073,99.30986887508627,85.85231193926846,101.0351966873706,103.5886818495514,90.1311249137336,76.46652864044168,97.79158040027605,95.58316080055211,108.14354727398205,98.6887508626639,113.52657004830917,104.623878536922,101.17322291235334,104.1407867494824,,101.31124913733609,103.51966873706004,105.03795721187024,90.54520358868183,101.79434092477571,109.79986197377501,93.92684610075914,99.51690821256037
2019-08-01,Rural,2019,August,139.2,161.9,137.1,144.6,124.7,145.5,156.2,131.5,111.7,142.7,138.5,156.9,144.0,165.1,151.8,146.6,151.1,,146.4,150.2,152.7,131.4,148.0,159.7,138.8,144.9,145.7,0.552104899930983,,95.53877831159917,111.11873713109131,94.09746053534661,99.24502402196295,85.58682223747427,99.86273164035691,107.20658888126286,90.25394646533975,76.66437886067263,97.94097460535347,95.05833905284832,107.68702814001374,98.83321894303364,113.31503088538093,104.18668496911462,100.61770761839396,103.70624571036377,,100.48043925875088,103.08853809196981,104.80439258750857,90.18531228551821,101.57858613589568,109.60878517501715,95.264241592313,99.4509265614276
2019-09-01,Rural,2019,September,140.1,161.9,138.3,145.7,125.1,143.8,163.4,132.2,112.8,144.2,138.5,157.2,145.5,165.7,151.7,146.6,151.0,,146.9,150.3,153.4,131.6,148.3,160.2,140.2,145.4,146.7,0.6863417982155173,,95.50102249488754,110.36128152692571,94.27402862985687,99.31833674164963,85.27607361963192,98.02317655078393,111.38377641445128,90.11588275391956,76.89161554192229,98.29584185412406,94.41036128152693,107.15746421267893,99.18200408997956,112.95160190865712,103.40831629175187,99.93183367416498,102.93115201090662,,100.13633265167007,102.45398773006136,104.56714383094751,89.70688479890934,101.0906612133606,109.20245398773005,95.56918882072256,99.11383776414452
2019-10-01,Rural,2019,October,141.0,161.6,141.2,146.5,125.6,145.7,178.8,133.1,113.6,145.5,138.6,157.4,148.3,166.3,151.7,146.7,151.0,,147.7,150.6,153.7,131.7,148.7,160.7,140.3,145.7,148.3,1.0906612133606108,,95.07754551584625,108.96830748482805,95.21240728253538,98.7862440997977,84.69318948078218,98.24679703304112,120.5664194200944,89.75050573162507,76.60148347943357,98.11193526635198,93.45920431557653,106.13621038435603,100.0,112.13755900202294,102.29265003371542,98.92110586648684,101.82063385030342,,99.59541469993255,101.55091031692514,103.64126770060686,88.80647336480106,100.26972353337827,108.3614295347269,94.60552933243426,98.24679703304112
2019-11-01,Rural,2019,November,141.8,163.7,143.8,147.1,126.0,146.2,191.4,136.2,113.8,147.3,138.7,157.7,150.9,167.2,152.3,147.0,151.5,,148.4,150.9,154.3,132.1,149.1,160.8,140.6,146.1,149.9,1.078894133513142,,94.59639759839894,109.20613742494996,95.93062041360908,98.13208805870579,84.05603735823883,97.53168779186123,127.6851234156104,90.86057371581053,75.91727818545696,98.26551034022683,92.5283522348232,105.20346897931954,100.66711140760506,111.5410273515677,101.60106737825217,98.06537691794529,101.06737825216811,,98.99933288859239,100.66711140760506,102.93529019346231,88.12541694462975,99.46631087391594,107.27151434289526,93.79586390927284,97.46497665110073
2019-12-01,Rural,2019,December,142.8,165.3,149.5,148.7,127.5,144.3,209.5,138.8,113.6,149.1,139.3,158.3,154.3,167.8,152.6,147.3,151.9,,149.9,151.2,154.8,135.0,149.5,161.1,140.6,147.1,152.3,1.6010673782521634,,93.76231122783979,108.53578463558766,98.16152330925803,97.63624425476033,83.71634931057123,94.74720945502298,137.5574523965857,91.13591595535128,74.58962573867366,97.89888378200918,91.46421536441235,103.93959290873276,101.31319763624424,110.17728168089297,100.19697964543664,96.71700590938937,99.73736047275115,,98.4241628365069,99.27774130006564,101.64149704530531,88.64084044648719,98.16152330925803,105.7780695994747,92.3177938279711,96.58568614576492
2020-01-01,Rural,2020,January,143.7,167.3,153.5,150.5,132.0,142.2,191.5,141.1,113.8,151.6,139.7,158.7,153.0,168.6,152.8,147.4,152.1,,150.4,151.7,155.7,136.3,150.1,161.7,142.5,148.1,151.9,-0.2626395272488535,,94.60171165240288,110.13824884792626,101.0533245556287,99.07834101382488,86.899275839368,93.61421988150099,126.0697827518104,92.89005924950625,74.9177090190915,99.8025016458196,91.96840026333113,104.47662936142197,100.72416063199472,110.99407504937457,100.59249506254116,97.03752468729428,100.13166556945359,,99.01250822909809,99.8683344305464,102.50164581961816,89.73008558262015,98.8150098749177,106.4516129032258,93.81171823568137,97.49835418038182
2020-02-01,Rural,2020,February,144.2,167.5,150.9,150.9,133.7,140.7,165.1,141.8,113.1,152.8,140.1,159.2,149.8,169.4,153.0,147.5,152.3,,152.3,151.8,156.2,136.0,150.4,161.9,143.4,148.4,150.4,-0.9874917709019048,,95.87765957446808,111.36968085106382,100.33244680851064,100.33244680851064,88.89627659574467,93.55053191489361,109.77393617021276,94.28191489361703,75.19946808510637,101.59574468085107,93.15159574468085,105.85106382978722,99.60106382978724,112.63297872340425,101.72872340425532,98.07180851063829,101.26329787234043,,101.26329787234043,100.93085106382979,103.85638297872339,90.42553191489361,100.0,107.64627659574468,95.34574468085107,98.67021276595744
2020-03-01,Rural,2020,March,144.4,166.8,147.6,151.7,133.3,141.8,152.3,141.8,112.6,154.0,140.1,160.0,148.2,170.5,153.4,147.6,152.5,,153.4,151.5,156.7,135.8,151.2,161.2,145.1,148.6,149.8,-0.3989361702127603,,96.39519359145527,111.34846461949266,98.53137516688918,101.26835781041387,88.9853137516689,94.65954606141523,101.66889185580774,94.65954606141523,75.16688918558077,102.803738317757,93.52469959946595,106.80907877169558,98.93190921228303,113.81842456608811,102.40320427236315,98.53137516688918,101.80240320427237,,102.40320427236315,101.13484646194925,104.60614152202936,90.65420560747664,100.93457943925233,107.61014686248329,96.86248331108143,99.19893190921228
2020-04-01,Rural,2020,April,147.2,166.8,146.9,155.6,137.1,147.3,162.7,150.2,119.8,158.7,139.2,160.0,150.1,170.5,153.4,147.6,152.5,,148.4,151.5,154.3,135.8,151.2,161.2,145.1,148.6,149.8,0.0,,98.26435246995993,111.34846461949266,98.06408544726301,103.87182910547395,91.52202937249665,98.33110814419226,108.61148197596795,100.26702269692922,79.97329773030707,105.94125500667555,92.92389853137514,106.80907877169558,100.2002670226969,113.81842456608811,102.40320427236315,98.53137516688918,101.80240320427237,,99.06542056074767,101.13484646194925,103.00400534045393,90.65420560747664,100.93457943925233,107.61014686248329,96.86248331108143,99.19893190921228
2020-05-01,Rural,2020,May,147.2,166.8,146.9,155.6,137.1,147.3,162.7,150.2,119.8,158.7,139.2,160.0,150.1,170.5,153.4,147.6,152.5,,148.4,151.5,154.3,135.8,151.2,161.2,145.1,148.6,149.8,0.0,,98.26435246995993,111.34846461949266,98.06408544726301,103.87182910547395,91.52202937249665,98.33110814419226,108.61148197596795,100.26702269692922,79.97329773030707,105.94125500667555,92.92389853137514,106.80907877169558,100.2002670226969,113.81842456608811,102.40320427236315,98.53137516688918,101.80240320427237,,99.06542056074767,101.13484646194925,103.00400534045393,90.65420560747664,100.93457943925233,107.61014686248329,96.86248331108143,99.19893190921228
2020-06-01,Rural,2020,June,148.2,190.3,149.4,153.3,138.2,143.2,148.9,150.3,113.2,159.8,142.1,161.8,152.3,182.4,154.7,150.0,154.1,,144.9,151.7,158.2,141.4,153.2,161.8,151.2,151.7,152.7,1.9359145527369612,,97.05304518664047,124.6234446627374,97.83889980353636,100.39292730844795,90.50425671250818,93.77865094957433,97.51146037982974,98.42829076620828,74.13228552717747,104.64963981663394,93.05828421741978,105.9593975114604,99.73804846103472,119.4499017681729,101.30975769482646,98.23182711198429,100.91683038637854,,94.89194499017682,99.34512115258677,103.60183366077275,92.59986902423053,100.32743942370661,105.9593975114604,99.01768172888016,99.34512115258677
2020-07-01,Rural,2020,July,148.2,190.3,149.4,153.3,138.2,143.2,148.9,150.3,113.2,159.8,142.1,161.8,152.3,182.4,154.7,150.0,154.1,,144.9,151.7,158.2,141.4,153.2,161.8,151.2,151.7,152.7,0.0,,97.05304518664047,124.6234446627374,97.83889980353636,100.39292730844795,90.50425671250818,93.77865094957433,97.51146037982974,98.42829076620828,74.13228552717747,104.64963981663394,93.05828421741978,105.9593975114604,99.73804846103472,119.4499017681729,101.30975769482646,98.23182711198429,100.91683038637854,,94.89194499017682,99.34512115258677,103.60183366077275,92.59986902423053,100.32743942370661,105.9593975114604,99.01768172888016,99.34512115258677
2020-08-01,Rural,2020,August,147.6,187.2,148.4,153.3,139.8,146.9,171.0,149.9,114.2,160.0,143.5,161.5,155.3,180.9,155.1,149.3,154.3,,145.8,151.9,158.8,143.6,152.2,162.7,153.6,153.0,154.7,1.309757694826463,,95.41047188106012,121.00840336134453,95.92760180995477,99.0950226244344,90.36845507433743,94.95798319327731,110.53652230122819,96.8972204266322,73.82029734970912,103.42598577892697,92.76018099547511,104.39560439560441,100.387847446671,116.9360051712993,100.25856496444732,96.50937297996123,99.7414350355527,,94.2469295410472,98.19004524886878,102.65029088558502,92.82482223658694,98.38396897220426,105.17129928894636,99.28894634776988,98.9010989010989
2020-09-01,Rural,2020,September,146.9,183.9,149.5,153.4,140.4,147.0,178.8,149.3,115.1,160.0,145.4,161.6,156.1,182.9,155.4,149.9,154.6,,146.4,151.6,159.1,144.6,152.8,161.1,157.4,153.7,155.4,0.452488687782826,,94.53024453024453,118.33976833976834,96.2033462033462,98.71299871299871,90.34749034749035,94.5945945945946,115.05791505791505,96.07464607464607,74.06692406692406,102.96010296010296,93.56499356499357,103.98970398970397,100.45045045045045,117.69626769626768,100.0,96.46074646074646,99.48519948519949,,94.20849420849422,97.55469755469754,102.38095238095238,93.05019305019304,98.32689832689833,103.66795366795365,101.28700128700127,98.9060489060489
2020-10-01,Rural,2020,October,146.0,186.3,159.2,153.6,142.6,147.2,200.6,150.3,115.3,160.9,147.4,161.9,159.6,182.7,155.7,150.6,155.0,,146.8,152.0,159.5,146.4,152.4,162.5,156.2,154.3,157.5,1.3513513513513375,,92.6984126984127,118.28571428571428,101.07936507936508,97.52380952380952,90.53968253968253,93.46031746031746,127.36507936507937,95.42857142857144,73.2063492063492,102.15873015873017,93.58730158730158,102.7936507936508,101.33333333333331,115.99999999999999,98.85714285714286,95.61904761904762,98.4126984126984,,93.20634920634922,96.5079365079365,101.26984126984127,92.95238095238095,96.76190476190476,103.17460317460319,99.17460317460318,97.96825396825398
2020-11-01,Rural,2020,November,145.4,188.6,171.6,153.8,145.4,146.5,222.2,155.9,114.9,162.0,150.0,162.7,163.4,183.4,156.3,151.0,155.5,,147.5,152.8,160.4,146.1,153.6,161.6,156.2,154.5,159.8,1.460317460317473,,90.98873591989988,118.02252816020025,107.38423028785982,96.24530663329162,90.98873591989988,91.67709637046308,139.0488110137672,97.55944931163954,71.90237797246559,101.37672090112639,93.86733416770963,101.8147684605757,102.25281602002502,114.76846057571966,97.80976220275345,94.49311639549435,97.30913642052566,,92.3028785982478,95.61952440550688,100.37546933667083,91.42678347934917,96.12015018773465,101.12640801001251,97.74718397997495,96.68335419274092
2020-12-01,Rural,2020,December,144.6,188.5,173.4,154.0,150.0,145.9,225.2,159.5,114.4,163.5,153.4,163.6,164.5,183.6,157.0,151.6,156.3,,148.7,153.4,161.6,146.4,153.9,162.9,156.6,155.2,160.7,0.5632040050062459,,89.98133167392658,117.29931549471064,107.90292470441818,95.83074051026759,93.34163036714375,90.79029247044183,140.13690105787182,99.25326695706286,71.18855009334165,101.7423771001867,95.457373988799,101.80460485376479,102.36465463596764,114.25015556938396,97.69757311761046,94.33727442439329,97.2619788425638,,92.5326695706285,95.457373988799,100.56004978220288,91.10143123833231,95.76851275668949,101.36901057871812,97.44866210329808,96.57747355320473
2021-01-01,Rural,2021,January,143.4,187.5,173.4,154.0,154.8,147.0,187.8,159.5,113.8,164.5,156.1,164.3,159.6,184.6,157.5,152.4,156.8,,150.9,153.9,162.5,147.5,155.1,163.5,156.2,155.9,158.5,-1.3690105787180995,,90.47318611987382,118.29652996845425,109.40063091482651,97.16088328075709,97.66561514195584,92.74447949526814,118.4858044164038,100.63091482649841,71.7981072555205,103.78548895899054,98.48580441640378,103.65930599369086,100.69400630914826,116.46687697160883,99.36908517350159,96.15141955835963,98.92744479495269,,95.20504731861199,97.09779179810725,102.5236593059937,93.05993690851734,97.85488958990535,103.15457413249212,98.54889589905362,98.3596214511041
2021-02-01,Rural,2021,February,142.8,184.0,168.0,154.4,163.0,147.8,149.7,158.3,111.8,165.0,160.0,165.8,154.7,186.5,159.1,153.9,158.4,,154.4,154.8,164.3,150.2,157.0,163.6,155.2,157.2,156.7,-1.1356466876971671,,91.12954690491387,117.42182514358647,107.21123165283983,98.53222718570518,104.0204211869815,94.32035737077219,95.53286534779835,101.02105934907468,71.34652201659222,105.29674537332482,102.1059349074665,105.80727504786218,98.72367581365667,119.01723037651564,101.53158902361201,98.21314613911935,101.08487555839186,,98.53222718570518,98.78749202297385,104.85003190810467,95.85194639438417,100.1914486279515,104.40331844288451,99.04275686024249,100.31908104658582
2021-03-01,Rural,2021,March,142.5,189.4,163.2,154.5,168.2,150.5,141.0,159.2,111.7,164.0,160.6,166.4,154.5,186.1,159.6,154.4,158.9,,156.0,154.8,164.6,151.3,157.8,163.8,153.1,157.3,156.7,0.0,,90.93809827696235,120.86790044671348,104.14805360561583,98.59604339502235,107.33886407147415,96.04339502233567,89.98085513720486,101.59540523292915,71.28270580727506,104.65858328015317,102.48883216336951,106.19017230376517,98.59604339502235,118.76196553924699,101.85067007019784,98.53222718570518,101.40395660497768,,99.55328653477984,98.78749202297385,105.04148053605616,96.55392469687301,100.70197830248884,104.53095086151885,97.70261646458201,100.38289725590302
2021-04-01,Rural,2021,April,142.7,195.5,163.4,155.0,175.2,160.6,135.1,161.1,112.2,164.4,161.9,166.8,155.6,186.8,160.7,155.1,159.9,,156.0,155.5,165.3,151.7,158.6,164.1,154.6,158.0,157.6,0.574345883854499,,90.54568527918782,124.0482233502538,103.68020304568529,98.3502538071066,111.16751269035532,101.90355329949239,85.72335025380711,102.22081218274113,71.19289340101524,104.31472081218274,102.72842639593908,105.83756345177666,98.73096446700508,118.5279187817259,101.96700507614213,98.41370558375635,101.45939086294418,,98.98477157360406,98.66751269035532,104.88578680203047,96.25634517766497,100.63451776649745,104.1243654822335,98.09644670050761,100.253807106599
2021-05-01,Rural,2021,May,145.1,198.5,168.6,155.8,184.4,162.3,138.4,165.1,114.3,169.7,164.6,169.8,158.7,189.6,165.3,160.6,164.5,,161.7,158.8,169.1,153.2,160.0,167.6,159.3,161.1,161.1,2.220812182741128,,90.06828057107387,123.21539416511484,104.65549348230911,96.71011793916823,114.4630664183737,100.74487895716948,85.90937306021105,102.48292985723153,70.94972067039106,105.3382991930478,102.17256362507759,105.4003724394786,98.51024208566108,117.69087523277469,102.60707635009312,99.68963376784605,102.11049037864682,,100.37243947858472,98.57231533209188,104.96585971446306,95.09621353196772,99.31719428926134,104.03476101800125,98.88268156424583,100.0
2021-06-01,Rural,2021,June,145.6,200.1,179.3,156.1,190.4,158.6,144.7,165.5,114.6,170.0,165.5,171.7,160.5,189.1,165.3,159.9,164.6,,162.1,159.2,169.7,154.2,160.4,166.8,159.4,161.5,162.1,0.6207324643078937,,89.82109808760025,123.44231955582974,110.610734114744,96.29858112276372,117.45835903763111,97.84083898827885,89.2658852560148,102.09747069710056,70.69710055521283,104.87353485502777,102.09747069710056,105.92227020357802,99.01295496607034,116.65638494756323,101.97409006785935,98.6428130783467,101.54225786551511,,100.0,98.21098087600247,104.68846391116595,95.12646514497224,98.95126465144973,102.89944478716842,98.33436150524368,99.62985811227638
2021-07-01,Rural,2021,July,145.1,204.5,180.4,157.1,188.7,157.7,152.8,163.6,113.9,169.7,166.2,171.0,161.7,189.7,166.0,161.1,165.3,,162.5,160.3,170.4,157.1,160.7,167.2,160.4,162.8,163.2,0.6785934608266375,,88.90931372549021,125.30637254901961,110.53921568627452,96.26225490196079,115.625,96.62990196078431,93.62745098039217,100.24509803921569,69.79166666666667,103.9828431372549,101.83823529411764,104.77941176470588,99.08088235294117,116.23774509803921,101.71568627450982,98.71323529411765,101.28676470588236,,99.57107843137256,98.2230392156863,104.41176470588236,96.26225490196079,98.46813725490196,102.45098039215685,98.28431372549021,99.75490196078432
2021-08-01,Rural,2021,August,144.9,202.3,176.5,157.5,190.9,155.7,153.9,162.8,115.2,169.8,167.6,171.9,161.8,190.2,167.0,162.6,166.3,,163.1,160.9,171.1,157.7,161.1,167.5,160.3,163.3,163.6,0.2450980392156854,,88.56968215158925,123.6552567237164,107.88508557457213,96.27139364303179,116.6870415647922,95.17114914425427,94.07090464547679,99.51100244498778,70.4156479217604,103.78973105134475,102.44498777506112,105.07334963325184,98.89975550122251,116.25916870415647,102.07823960880195,99.38875305623472,101.65036674816628,,99.69437652811736,98.34963325183375,104.58435207823962,96.39364303178483,98.4718826405868,102.38386308068459,97.98288508557458,99.81662591687042
2021-09-01,Rural,2021,September,145.4,202.1,172.0,158.0,195.5,152.7,151.4,163.9,119.3,170.1,168.3,172.8,162.1,190.5,167.7,163.6,167.1,,163.7,161.3,171.9,157.8,162.7,168.5,160.2,163.8,164.0,0.2444987775061191,,88.65853658536585,123.23170731707316,104.8780487804878,96.34146341463415,119.20731707317074,93.10975609756098,92.31707317073172,99.9390243902439,72.74390243902438,103.71951219512195,102.62195121951221,105.3658536585366,98.84146341463415,116.15853658536585,102.2560975609756,99.7560975609756,101.89024390243901,,99.8170731707317,98.35365853658537,104.8170731707317,96.21951219512196,99.20731707317071,102.74390243902438,97.6829268292683,99.87804878048782
2021-10-01,Rural,2021,October,146.1,202.5,170.1,158.4,198.8,152.6,170.4,165.2,121.6,170.6,168.8,173.6,165.5,191.2,168.9,164.8,168.3,,165.5,162.0,172.5,159.5,163.2,169.0,161.1,164.7,166.3,1.4024390243902565,,87.85327720986169,121.76788935658448,102.28502705953095,95.2495490078172,119.5429945880938,91.76187612748045,102.46542393265183,99.33854479855681,73.12086590499098,102.5856885147324,101.50330727600722,104.38965724594107,99.51894167167768,114.97294046903185,101.5634395670475,99.09801563439568,101.20264582080578,,99.51894167167768,97.41431148526758,103.72820204449789,95.91100420926037,98.13589897775104,101.62357185808779,96.87312086590498,99.03788334335538
2021-11-01,Rural,2021,November,146.9,199.8,171.5,159.1,198.4,153.2,183.9,165.4,122.1,170.8,169.1,174.3,167.5,191.4,170.4,166.0,169.8,,165.3,162.9,173.4,158.9,163.8,169.3,162.4,165.2,167.6,0.7817197835237488,,87.64916467780431,119.21241050119333,102.32696897374703,94.92840095465394,118.37708830548928,91.40811455847255,109.7255369928401,98.6873508353222,72.85202863961814,101.90930787589501,100.89498806682577,103.99761336515513,99.94033412887828,114.20047732696898,101.67064439140812,99.0453460620525,101.31264916467782,,98.62768496420048,97.19570405727924,103.46062052505967,94.8090692124105,97.73269689737472,101.01431980906924,96.89737470167064,98.56801909307875
2021-12-01,Rural,2021,December,147.4,197.0,176.5,159.8,195.8,152.0,172.3,164.5,120.6,171.7,169.7,175.1,165.8,190.8,171.8,167.3,171.2,,165.6,163.9,174.0,160.1,164.5,169.7,162.8,166.0,167.0,-0.3579952267303121,,88.26347305389221,117.96407185628743,105.68862275449102,95.68862275449102,117.24550898203594,91.01796407185628,103.17365269461078,98.50299401197606,72.21556886227545,102.81437125748502,101.61676646706586,104.85029940119762,99.28143712574851,114.25149700598803,102.874251497006,100.1796407185629,102.51497005988024,,99.16167664670658,98.14371257485031,104.19161676646706,95.8682634730539,98.50299401197606,101.61676646706586,97.48502994011977,99.40119760479041
2022-01-01,Rural,2022,January,148.3,196.9,178.0,160.5,192.6,151.2,159.2,164.0,119.3,173.3,169.8,175.8,164.1,190.7,173.2,169.3,172.7,,165.8,164.9,174.7,160.8,164.9,169.9,163.2,166.6,166.4,-0.3592814371257469,,89.12259615384616,118.32932692307692,106.97115384615384,96.45432692307692,115.74519230769229,90.8653846153846,95.67307692307692,98.5576923076923,71.69471153846153,104.14663461538463,102.04326923076923,105.64903846153845,98.61778846153845,114.60336538461537,104.08653846153845,101.74278846153845,103.7860576923077,,99.63942307692308,99.0985576923077,104.98798076923075,96.63461538461539,99.0985576923077,102.10336538461537,98.07692307692307,100.12019230769229
2022-02-01,Rural,2022,February,148.8,198.1,175.5,160.7,192.6,151.4,155.2,163.9,118.1,175.4,170.5,176.3,163.9,191.5,174.1,171.0,173.7,,167.4,165.7,175.3,161.2,165.5,170.3,164.5,167.3,166.7,0.1802884615384581,,89.26214757048592,118.83623275344932,105.27894421115778,96.4007198560288,115.5368926214757,90.82183563287344,93.10137972405519,98.32033593281345,70.84583083383323,105.21895620875826,102.27954409118176,105.75884823035395,98.32033593281345,114.877024595081,104.4391121775645,102.57948410317937,104.1991601679664,,100.41991601679665,99.4001199760048,105.15896820635875,96.70065986802639,99.28014397120577,102.15956808638273,98.68026394721056,100.35992801439713
2022-03-01,Rural,2022,March,150.2,208.0,167.9,162.0,203.1,155.9,155.8,164.2,118.1,178.7,171.2,177.4,166.6,192.3,175.4,173.2,175.1,,168.9,166.5,176.0,162.0,166.6,170.6,167.4,168.3,168.7,1.1997600479904058,,89.03378778897451,123.29579134558388,99.52578541790162,96.0284528749259,120.39122703023118,92.4125666864256,92.35328986366332,97.3325429756965,70.00592768227624,105.92768227623,101.4819205690575,105.1570835803201,98.7551867219917,113.98933017190281,103.97154712507411,102.66745702430349,103.79371665678721,,100.1185536455246,98.6959098992294,104.32720806164791,96.0284528749259,98.7551867219917,101.1262596324837,99.22940130409012,99.76289270895082
2022-04-01,Rural,2022,April,151.8,209.7,164.5,163.8,207.4,169.7,153.6,165.1,118.2,182.9,172.4,178.9,168.6,192.8,177.5,175.1,177.1,,173.3,167.7,177.0,166.2,167.2,170.9,169.0,170.2,170.8,1.2448132780083163,,88.87587822014052,122.7751756440281,96.31147540983605,95.90163934426229,121.42857142857142,99.35597189695548,89.92974238875877,96.66276346604215,69.20374707259953,107.08430913348946,100.93676814988291,104.74238875878218,98.71194379391099,112.88056206088993,103.92271662763466,102.51756440281031,103.68852459016394,,101.46370023419205,98.18501170960185,103.62997658079624,97.30679156908664,97.89227166276345,100.05854800936768,98.94613583138174,99.6487119437939
2022-05-01,Rural,2022,May,152.9,214.7,161.4,164.6,209.9,168.0,160.4,165.0,118.9,186.6,173.2,180.4,170.8,192.9,179.3,177.2,179.0,,175.3,168.9,177.7,167.1,167.6,171.8,168.5,170.9,172.5,0.99531615925057,,88.6376811594203,124.46376811594202,93.56521739130436,95.42028985507245,121.68115942028986,97.3913043478261,92.98550724637681,95.65217391304348,68.92753623188406,108.17391304347825,100.40579710144928,104.57971014492753,99.0144927536232,111.82608695652175,103.94202898550726,102.72463768115941,103.768115942029,,101.62318840579712,97.91304347826087,103.01449275362317,96.8695652173913,97.15942028985506,99.59420289855073,97.68115942028986,99.07246376811595
2022-06-01,Rural,2022,June,153.8,217.2,169.6,165.4,208.1,165.8,167.3,164.6,119.1,188.9,174.2,181.9,172.4,192.9,180.7,178.7,180.4,,176.7,170.3,178.2,165.5,168.0,172.6,169.5,171.0,173.6,0.6376811594202891,,88.59447004608296,125.11520737327189,97.6958525345622,95.27649769585254,119.87327188940091,95.50691244239631,96.3709677419355,94.81566820276498,68.60599078341014,108.81336405529956,100.34562211981566,104.7811059907834,99.30875576036867,111.11751152073734,104.08986175115207,102.93778801843318,103.91705069124424,,101.78571428571428,98.09907834101384,102.64976958525345,95.33410138248848,96.7741935483871,99.42396313364056,97.63824884792626,98.50230414746544
2022-07-01,Rural,2022,July,155.2,210.8,174.3,166.3,202.2,169.6,168.6,164.4,119.2,191.8,174.5,183.1,172.5,193.2,182.0,180.3,181.7,,179.6,171.3,178.8,166.3,168.6,174.7,169.7,171.8,174.3,0.4032258064516236,,89.04188181296614,120.94090648307517,100.0,95.41021227768216,116.00688468158347,97.30349971313825,96.72977624784853,94.32013769363166,68.38783706253585,110.04016064257027,100.11474469305794,105.04876649454961,98.96729776247848,110.84337349397589,104.41767068273091,103.44234079173837,104.24555364314398,,103.04073436603557,98.2788296041308,102.58175559380378,95.41021227768216,96.72977624784853,100.22948938611589,97.36087205966723,98.56569133677567
2022-08-01,Rural,2022,August,159.5,204.1,168.3,167.9,198.1,169.2,173.1,167.1,120.2,195.6,174.8,184.0,173.9,193.7,183.2,181.7,183.0,,179.1,172.3,179.4,166.6,169.3,175.7,171.1,172.6,175.3,0.5737234652897216,,90.98687963491157,116.4289788933257,96.00684540787222,95.77866514546491,113.00627495721618,96.52025099828863,98.74500855675983,95.3223046206503,68.56816885339417,111.58014831717055,99.71477467199087,104.96292070735879,99.20136908157444,110.49629207073586,104.5065601825442,103.65088419851682,104.39247005134055,,102.16771249286936,98.28864803194523,102.33884768967485,95.03707929264118,96.57729606389047,100.22818026240729,97.60410724472332,98.45978322875071
2022-09-01,Rural,2022,September,162.9,206.7,169.0,169.5,194.1,164.1,176.9,169.0,120.8,199.1,175.4,184.8,175.5,194.5,184.7,183.3,184.5,,179.7,173.6,180.2,166.9,170.0,176.2,170.8,173.1,176.4,0.627495721620086,,92.3469387755102,117.1768707482993,95.80498866213152,96.08843537414967,110.03401360544215,93.02721088435374,100.28344671201815,95.80498866213152,68.48072562358276,112.86848072562357,99.43310657596372,104.76190476190477,99.48979591836734,110.26077097505669,104.70521541950113,103.91156462585033,104.59183673469387,,101.87074829931973,98.4126984126984,102.15419501133786,94.61451247165533,96.37188208616779,99.88662131519274,96.82539682539682,98.12925170068027
2022-10-01,Rural,2022,October,164.7,208.8,170.3,170.9,191.6,162.2,184.8,169.7,121.1,201.6,175.8,185.6,177.4,194.9,186.1,184.4,185.9,,180.8,174.4,181.2,167.4,170.6,176.5,172.0,173.9,177.9,0.8503401360544283,,92.58010118043843,117.36930860033728,95.72793704328275,96.06520517144463,107.70095559302979,91.17481731309724,103.87858347386172,95.39066891512084,68.07195053400787,113.32209106239459,98.8195615514334,104.3282743114109,99.71894322653176,109.55593029792018,104.60933108487913,103.65373805508713,104.49690837549186,,101.63012928611579,98.03260258572232,101.85497470489038,94.09780775716695,95.89657110736368,99.21304103428892,96.68353007307475,97.75154581225407
2022-11-01,Rural,2022,November,166.9,207.2,180.2,172.3,194.0,159.1,171.6,170.2,121.5,204.8,176.4,186.9,176.6,195.5,187.2,185.2,186.9,,181.9,175.5,182.3,167.5,170.8,176.9,173.4,174.6,177.8,-0.0562113546936471,,93.8695163104612,116.53543307086613,101.34983127109109,96.9066366704162,109.111361079865,89.48256467941506,96.51293588301462,95.72553430821145,68.33520809898762,115.18560179977501,99.21259842519686,105.11811023622046,99.32508436445443,109.95500562429696,105.28683914510685,104.16197975253093,105.11811023622046,,102.30596175478064,98.70641169853768,102.53093363329585,94.20697412823397,96.06299212598425,99.49381327334082,97.52530933633295,98.2002249718785
2022-12-01,Rural,2022,December,168.8,206.9,189.1,173.4,193.9,156.7,150.2,170.5,121.2,207.5,176.8,187.7,174.4,195.9,188.1,185.9,187.8,,182.8,176.4,183.5,167.8,171.2,177.3,175.7,175.5,177.1,-0.3937007874015852,,95.31338226990403,116.82665160926031,106.77583286278937,97.91078486730662,109.48616600790515,88.48108413325805,84.81084133258045,96.27329192546584,68.43591191417279,117.16544325239977,99.83060417843028,105.98531902879729,98.4754376058724,110.6154714850367,106.21118012422359,104.96894409937889,106.04178430265388,,103.21852060982496,99.60474308300395,103.61377752682101,94.74872953133824,96.66854884246189,100.11293054771318,99.20948616600789,99.09655561829476
2023-01-01,Rural,2023,January,174.0,208.3,192.9,174.3,192.6,156.3,142.9,170.7,120.3,210.5,176.9,188.5,175.0,196.9,189.0,186.3,188.6,,183.2,177.2,184.7,168.2,171.8,177.8,178.4,176.5,177.8,0.3952569169960673,,97.86276715410574,117.15410573678291,108.49268841394826,98.03149606299213,108.32395950506186,87.90776152980877,80.37120359955006,96.00674915635544,67.66029246344206,118.39145106861642,99.49381327334082,106.0179977502812,98.42519685039369,110.74240719910011,106.29921259842519,104.7806524184477,106.07424071991001,,103.037120359955,99.66254218222721,103.88076490438694,94.60067491563552,96.62542182227222,100.0,100.33745781777277,99.26884139482564
2023-02-01,Rural,2023,February,174.2,205.2,173.9,177.0,183.4,167.2,140.9,170.4,119.1,212.1,177.6,189.9,174.8,198.3,190.0,187.0,189.6,,181.6,178.6,186.6,169.0,172.8,178.5,180.7,177.9,178.0,0.1124859392575894,,97.86516853932584,115.28089887640449,97.69662921348315,99.43820224719101,103.03370786516854,93.93258426966291,79.15730337078652,95.73033707865169,66.91011235955055,119.15730337078652,99.7752808988764,106.68539325842697,98.20224719101124,111.40449438202246,106.74157303370787,105.0561797752809,106.51685393258428,,102.02247191011236,100.3370786516854,104.8314606741573,94.9438202247191,97.07865168539327,100.2808988764045,101.51685393258427,99.9438202247191
2023-03-01,Rural,2023,March,174.3,205.2,173.9,177.0,183.3,167.2,140.9,170.5,119.1,212.1,177.6,189.9,174.8,198.4,190.0,187.0,189.6,,181.4,178.6,186.6,169.0,172.8,178.5,180.7,177.9,178.0,0.0,,97.92134831460675,115.28089887640449,97.69662921348315,99.43820224719101,102.97752808988764,93.93258426966291,79.15730337078652,95.78651685393258,66.91011235955055,119.15730337078652,99.7752808988764,106.68539325842697,98.20224719101124,111.46067415730336,106.74157303370787,105.0561797752809,106.51685393258428,,101.91011235955057,100.3370786516854,104.8314606741573,94.9438202247191,97.07865168539327,100.2808988764045,101.51685393258427,99.9438202247191
2023-04-01,Rural,2023,April,173.3,206.9,167.9,178.2,178.5,173.7,142.8,172.8,120.4,215.5,178.2,190.5,175.5,199.5,190.7,187.3,190.2,,181.5,179.1,187.2,169.4,173.2,179.4,183.8,178.9,178.8,0.4494382022471876,,96.92393736017897,115.7158836689038,93.90380313199105,99.66442953020133,99.83221476510067,97.1476510067114,79.86577181208054,96.64429530201343,67.33780760626398,120.52572706935123,99.66442953020133,106.54362416107381,98.15436241610738,111.57718120805369,106.65548098434003,104.75391498881433,106.37583892617448,,101.51006711409396,100.16778523489931,104.69798657718118,94.74272930648769,96.86800894854585,100.33557046979867,102.79642058165548,100.0559284116331
2023-05-01,Rural,2023,May,173.2,211.5,171.0,179.6,173.3,169.0,148.7,174.9,121.9,221.0,178.7,191.1,176.8,199.9,191.2,187.9,190.8,,182.5,179.8,187.8,169.7,173.8,180.3,184.9,179.5,179.8,0.5592841163311046,,96.32925472747496,117.63070077864293,95.10567296996662,99.88876529477196,96.384872080089,93.9933259176863,82.70300333704115,97.27474972191324,67.79755283648498,122.9143492769744,99.38820912124582,106.28476084538374,98.33147942157953,111.17908787541712,106.34037819799775,104.50500556173526,106.11790878754171,,101.5016685205784,100.0,104.44938820912124,94.38264738598441,96.66295884315906,100.27808676307008,102.83648498331479,99.83314794215795
2023-06-01,Rural,2023,June,174.4,220.4,181.1,180.1,167.2,167.0,165.9,180.9,122.8,226.3,179.2,191.6,180.5,200.4,191.9,188.5,191.4,,181.8,180.4,188.5,169.9,174.3,181.9,184.4,180.0,181.9,1.1679644048943283,,95.87685541506322,121.1654755360088,99.56019791094008,99.01044529961517,91.9186366135239,91.80868609125893,91.20395821880155,99.4502473886751,67.50962067069818,124.40901594282575,98.51566794942275,105.33260032985157,99.23034634414513,110.17042330951072,105.49752611324902,103.62836723474436,105.22264980758658,,99.94502473886752,99.17537108301264,103.62836723474436,93.40296866410115,95.82188015393073,100.0,101.37438152831226,98.95547003848269
2023-07-01,Rural,2023,July,176.5,215.5,180.0,180.6,165.3,173.4,227.0,185.3,123.8,234.5,179.7,192.0,190.0,201.0,192.4,189.0,191.9,,185.5,180.9,189.1,170.6,175.1,183.8,184.4,180.7,187.6,3.133589884551946,,94.08315565031982,114.87206823027718,95.94882729211088,96.26865671641791,88.1130063965885,92.43070362473348,121.00213219616205,98.77398720682304,65.99147121535182,125.0,95.78891257995735,102.3454157782516,101.27931769722815,107.14285714285714,102.55863539445629,100.74626865671644,102.29211087420043,,98.88059701492537,96.42857142857143,100.79957356076758,90.93816631130063,93.3368869936034,97.97441364605545,98.29424307036247,96.32196162046908
2023-08-01,Rural,2023,August,179.0,211.1,174.2,181.2,165.2,174.2,216.4,187.8,124.8,242.1,180.3,192.9,189.5,201.7,192.9,189.1,192.3,,185.9,181.3,189.8,171.1,175.6,184.5,184.7,181.2,187.6,0.0,,95.41577825159915,112.52665245202557,92.85714285714285,96.58848614072494,88.05970149253731,92.85714285714285,115.35181236673775,100.10660980810235,66.52452025586354,129.05117270788912,96.1087420042644,102.82515991471215,101.0127931769723,107.51599147121536,102.82515991471215,100.79957356076758,102.50533049040513,,99.09381663113007,96.64179104477613,101.1727078891258,91.2046908315565,93.60341151385929,98.34754797441366,98.45415778251598,96.58848614072494
2023-09-01,Rural,2023,September,181.4,214.5,178.5,181.5,164.5,173.6,184.5,195.0,126.6,246.3,180.5,193.2,186.7,202.2,193.3,189.4,192.7,,181.6,181.3,190.4,171.3,175.9,184.9,185.1,181.6,185.8,-0.9594882729211052,,97.6318622174381,115.44671689989234,96.07104413347685,97.68568353067815,88.53606027987082,93.43379978471474,99.30032292787944,104.95156081808395,68.1377825618945,132.56189451022604,97.14747039827772,103.98277717976316,100.48439181916038,108.82669537136704,104.03659849300323,101.93756727664154,103.71367061356295,,97.73950484391818,97.57804090419806,102.47578040904197,92.19590958019376,94.67168998923573,99.5156081808396,99.62325080731969,97.73950484391818
2023-10-01,Rural,2023,October,183.0,215.1,185.2,181.8,163.1,174.9,190.5,199.8,128.1,248.7,181.1,193.5,188.5,202.5,193.8,189.5,193.2,,182.3,181.7,191.4,171.4,176.3,184.8,185.2,181.9,187.0,0.6458557588805203,,97.86096256684492,115.02673796791443,99.03743315508021,97.21925133689841,87.2192513368984,93.52941176470588,101.8716577540107,106.84491978609627,68.50267379679144,132.9946524064171,96.84491978609626,103.475935828877,100.80213903743316,108.28877005347594,103.63636363636364,101.33689839572193,103.31550802139037,,97.4866310160428,97.16577540106951,102.35294117647061,91.65775401069519,94.27807486631016,98.82352941176471,99.03743315508021,97.27272727272728
2023-11-01,Rural,2023,November,184.8,210.9,190.4,182.2,162.6,174.6,199.9,202.9,129.7,249.8,181.8,193.7,190.2,202.9,194.4,189.8,193.7,,182.4,182.0,191.9,171.7,176.4,185.2,186.7,182.5,188.2,0.6417112299465177,,98.19341126461212,112.06163655685441,101.16896918172158,96.81190223166844,86.39744952178535,92.77364505844847,106.21679064824656,107.81083953241233,68.91604675876727,132.73113708820406,96.59936238044634,102.92242295430394,101.0626992561105,107.81083953241233,103.29436769394262,100.85015940488844,102.92242295430394,,96.9181721572795,96.70563230605738,101.96599362380448,91.23273113708821,93.73007438894794,98.40595111583423,99.2029755579171,96.97130712008503
